XID,Project,Phase,Configuration,List Item,Price
213249,Godrej 101,1,"2 BHK Apartment
1.24 Cr - 1.63 Cr",1050 SQ.FT,₹ 1.24 Cr
213249,Godrej 101,1,"2 BHK Apartment
1.24 Cr - 1.63 Cr",1383 SQ.FT,₹ 1.63 Cr
213249,Godrej 101,1,"2.5 BHK Apartment
1.74 Cr - 1.86 Cr",1470 SQ.FT,₹ 1.74 Cr
213249,Godrej 101,1,"2.5 BHK Apartment
1.74 Cr - 1.86 Cr",1491 SQ.FT,₹ 1.76 Cr
213249,Godrej 101,1,"2.5 BHK Apartment
1.74 Cr - 1.86 Cr",1505 SQ.FT,₹ 1.78 Cr
213249,Godrej 101,1,"2.5 BHK Apartment
1.74 Cr - 1.86 Cr",1559 SQ.FT,₹ 1.84 Cr
213249,Godrej 101,1,"2.5 BHK Apartment
1.74 Cr - 1.86 Cr",1572 SQ.FT,₹ 1.86 Cr
213249,Godrej 101,1,3 BHK Apartment,1500 SQ.FT,₹ 1.77 Cr
213249,Godrej 101,1,3 BHK Apartment,2125 SQ.FT,Price on Request
213249,Godrej 101,1,3 BHK Apartment,2244 SQ.FT,₹ 2.65 Cr
213249,Godrej 101,1,3 BHK Apartment,2262 SQ.FT,₹ 2.67 Cr
213249,Godrej 101,1,3 BHK Apartment,2366 SQ.FT,₹ 2.8 Cr
213249,Godrej 101,1,3 BHK Apartment,2506 SQ.FT,Price on Request
1239,BPTP Parklands Pride,1,"3 BHK Apartment
71 L - 74.58 L",1050 SQ.FT,₹ 71.0 L
1239,BPTP Parklands Pride,1,"3 BHK Apartment
71 L - 74.58 L",1103 SQ.FT,₹ 74.58 L
1239,BPTP Parklands Pride,1,"4 BHK Apartment
92.3 L - 1.22 Cr",1365 SQ.FT,₹ 92.3 L
1239,BPTP Parklands Pride,1,"4 BHK Apartment
92.3 L - 1.22 Cr",1382 SQ.FT,₹ 93.45 L
1239,BPTP Parklands Pride,1,"4 BHK Apartment
92.3 L - 1.22 Cr",1750 SQ.FT,₹ 1.18 Cr
1239,BPTP Parklands Pride,1,"4 BHK Apartment
92.3 L - 1.22 Cr",1803 SQ.FT,₹ 1.22 Cr
428412,Signature Global Titanium SPR,1,"3.5 BHK Apartment
4.73 Cr",2780 SQ.FT,₹ 4.73 Cr
428412,Signature Global Titanium SPR,1,"4 BHK Apartment
6.1 Cr - 6.27 Cr",3700 SQ.FT,₹ 6.1 Cr
428412,Signature Global Titanium SPR,1,"4 BHK Apartment
6.1 Cr - 6.27 Cr",3800 SQ.FT,₹ 6.27 Cr
428412,Signature Global Titanium SPR,1,"4.5 BHK Apartment
6.24 Cr",3780 SQ.FT,₹ 6.24 Cr
405181,M3M Golf Hills,1,"2 BHK Apartment
2.08 Cr",1420 SQ.FT,₹ 2.08 Cr
405181,M3M Golf Hills,1,"3 BHK Apartment
2.79 Cr - 3.08 Cr",1900 SQ.FT,₹ 2.79 Cr
405181,M3M Golf Hills,1,"3 BHK Apartment
2.79 Cr - 3.08 Cr",1902 SQ.FT,₹ 2.79 Cr
405181,M3M Golf Hills,1,"3 BHK Apartment
2.79 Cr - 3.08 Cr",2090 SQ.FT,₹ 3.07 Cr
405181,M3M Golf Hills,1,"3 BHK Apartment
2.79 Cr - 3.08 Cr",2100 SQ.FT,₹ 3.08 Cr
405181,M3M Golf Hills,1,"3.5 BHK Apartment
3.32 Cr",2260 SQ.FT,₹ 3.32 Cr
405181,M3M Golf Hills,1,"4 BHK Apartment
3.86 Cr - 3.89 Cr",2630 SQ.FT,₹ 3.86 Cr
405181,M3M Golf Hills,1,"4 BHK Apartment
3.86 Cr - 3.89 Cr",2650 SQ.FT,₹ 3.89 Cr
405181,M3M Golf Hills,1,"4.5 BHK Apartment
3.94 Cr",2685 SQ.FT,₹ 3.94 Cr
405181,M3M Golf Hills,2,"2.5 BHK Apartment
2.13 Cr",1420 SQ.FT,₹ 2.13 Cr
405181,M3M Golf Hills,2,3 BHK Apartment,2090 SQ.FT,Price on Request
405181,M3M Golf Hills,2,3 BHK Apartment,2100 SQ.FT,Price on Request
405181,M3M Golf Hills,2,"3.5 BHK Apartment
2.85 Cr - 3.08 Cr",1900 SQ.FT,₹ 2.85 Cr
405181,M3M Golf Hills,2,"3.5 BHK Apartment
2.85 Cr - 3.08 Cr",2050 SQ.FT,₹ 3.08 Cr
405181,M3M Golf Hills,2,4 BHK Apartment,2630 SQ.FT,Price on Request
405181,M3M Golf Hills,2,4 BHK Apartment,2685 SQ.FT,Price on Request
405181,M3M Golf Hills,2,"4.5 BHK Apartment
3.98 Cr",2650 SQ.FT,₹ 3.98 Cr
391580,DLF The Grove,1,"3 BHK Apartment
5.32 Cr",1660 SQ.FT,₹ 5.32 Cr
391580,DLF The Grove,1,4 BHK Apartment,1988 SQ.FT,₹ 6.37 Cr
391580,DLF The Grove,1,4 BHK Apartment,2421 SQ.FT,₹ 7.76 Cr
391580,DLF The Grove,1,4 BHK Apartment,2430 SQ.FT,Price on Request
391580,DLF The Grove,1,4 BHK Apartment,3150 SQ.FT,₹ 10.1 Cr
391580,DLF The Grove,1,4 BHK Apartment,4500 SQ.FT,₹ 14.42 Cr
391580,DLF The Grove,1,4 BHK Apartment,4521 SQ.FT,Price on Request
15378,Solitairian City,1,"1 BHK Apartment
49.84 L",665 SQ.FT,₹ 49.84 L
15378,Solitairian City,1,"2 BHK Apartment
74.95 L - 1.72 Cr",1000 SQ.FT,₹ 74.95 L
15378,Solitairian City,1,"2 BHK Apartment
74.95 L - 1.72 Cr",1012 SQ.FT,₹ 75.85 L
15378,Solitairian City,1,"2 BHK Apartment
74.95 L - 1.72 Cr",1115 SQ.FT,₹ 83.57 L
15378,Solitairian City,1,"2 BHK Apartment
74.95 L - 1.72 Cr",1140 SQ.FT,₹ 85.44 L
15378,Solitairian City,1,"2 BHK Apartment
74.95 L - 1.72 Cr",1660 SQ.FT,₹ 1.24 Cr
15378,Solitairian City,1,"2 BHK Apartment
74.95 L - 1.72 Cr",1925 SQ.FT,₹ 1.72 Cr
15378,Solitairian City,1,"3 BHK Apartment
1.07 Cr - 2.15 Cr",1425 SQ.FT,₹ 1.07 Cr
15378,Solitairian City,1,"3 BHK Apartment
1.07 Cr - 2.15 Cr",1850 SQ.FT,₹ 1.39 Cr
15378,Solitairian City,1,"3 BHK Apartment
1.07 Cr - 2.15 Cr",1935 SQ.FT,₹ 1.45 Cr
15378,Solitairian City,1,"3 BHK Apartment
1.07 Cr - 2.15 Cr",2080 SQ.FT,₹ 1.56 Cr
15378,Solitairian City,1,"3 BHK Apartment
1.07 Cr - 2.15 Cr",2400 SQ.FT,₹ 2.15 Cr
15378,Solitairian City,1,"3 BHK Villa
1.74 Cr",1740 SQ.FT,₹ 1.74 Cr
15378,Solitairian City,1,"4 BHK Apartment
3.9 Cr",4350 SQ.FT,₹ 3.9 Cr
15378,Solitairian City,1,"5 BHK Villa
3.1 Cr - 4.65 Cr",3100 SQ.FT,₹ 3.1 Cr
15378,Solitairian City,1,"5 BHK Villa
3.1 Cr - 4.65 Cr",4650 SQ.FT,₹ 4.65 Cr
306651,Godrej Meridien,1,"2 BHK Apartment
2 Cr",1366 SQ.FT,"₹ 2 Cr
i"
306651,Godrej Meridien,1,"3 BHK Apartment
2.6 Cr - 3.25 Cr",1625 SQ.FT,"₹ 2.6 Cr
i"
306651,Godrej Meridien,1,"3 BHK Apartment
2.6 Cr - 3.25 Cr",1855 SQ.FT,"₹ 2.8 Cr
i"
306651,Godrej Meridien,1,"3 BHK Apartment
2.6 Cr - 3.25 Cr",2002 SQ.FT,"₹ 3.25 Cr
i"
306651,Godrej Meridien,1,"4 BHK Apartment
4.35 Cr",2720 SQ.FT,"₹ 4.35 Cr
i"
306651,Godrej Meridien,3,"2 BHK Apartment
1.89 Cr",817 SQ.FT,₹ 1.89 Cr
306651,Godrej Meridien,3,"3 BHK Apartment
2.38 Cr",1025 SQ.FT,₹ 2.38 Cr
306651,Godrej Meridien,3,"4 BHK Apartment
3.84 Cr",1657 SQ.FT,₹ 3.84 Cr
433863,Kamdhenu Crown,1,2 BHK Apartment,849 SQ.FT,Price on Request
433863,Kamdhenu Crown,1,2 BHK Apartment,850 SQ.FT,₹ 1.52 Cr
433863,Kamdhenu Crown,1,2 BHK Apartment,855 SQ.FT,Price on Request
433863,Kamdhenu Crown,1,3 BHK Apartment,1480 SQ.FT,Price on Request
433863,Kamdhenu Crown,1,3 BHK Apartment,1485 SQ.FT,Price on Request
433863,Kamdhenu Crown,1,5 BHK Apartment,2435 SQ.FT,Price on Request
433863,Kamdhenu Crown,1,5 BHK Apartment,2465 SQ.FT,₹ 4.12 Cr
403847,Adore Smart City,1,"Plot
71.12 L - 84 L",127 SQ.YD,₹ 71.12 L
403847,Adore Smart City,1,"Plot
71.12 L - 84 L",150 SQ.YD,₹ 84.0 L
403847,Adore Smart City,2,"Plot
54 L - 97.2 L",900 SQ.FT,₹ 54.0 L
403847,Adore Smart City,2,"Plot
54 L - 97.2 L",1055 SQ.FT,₹ 63.27 L
403847,Adore Smart City,2,"Plot
54 L - 97.2 L",1150 SQ.FT,₹ 68.99 L
403847,Adore Smart City,2,"Plot
54 L - 97.2 L",1162 SQ.FT,₹ 69.73 L
403847,Adore Smart City,2,"Plot
54 L - 97.2 L",1169 SQ.FT,₹ 70.12 L
403847,Adore Smart City,2,"Plot
54 L - 97.2 L",1177 SQ.FT,₹ 70.61 L
403847,Adore Smart City,2,"Plot
54 L - 97.2 L",1333 SQ.FT,₹ 79.99 L
403847,Adore Smart City,2,"Plot
54 L - 97.2 L",1501 SQ.FT,₹ 90.09 L
403847,Adore Smart City,2,"Plot
54 L - 97.2 L",1620 SQ.FT,₹ 97.2 L
430191,Adani Lushlands,1,"4 BHK Apartment
6.2 Cr - 9.51 Cr",2660 SQ.FT,₹ 6.2 Cr
430191,Adani Lushlands,1,"4 BHK Apartment
6.2 Cr - 9.51 Cr",3292 SQ.FT,₹ 7.68 Cr
430191,Adani Lushlands,1,"4 BHK Apartment
6.2 Cr - 9.51 Cr",3315 SQ.FT,₹ 7.73 Cr
430191,Adani Lushlands,1,"4 BHK Apartment
6.2 Cr - 9.51 Cr",4080 SQ.FT,₹ 9.51 Cr
430191,Adani Lushlands,1,"6 BHK Apartment
15.15 Cr",6495 SQ.FT,₹ 15.15 Cr
430191,Adani Lushlands,1,"6 BHK Penthouse
16.57 Cr",7104 SQ.FT,₹ 16.57 Cr
318679,Hero Homes,1,"2 BHK Apartment
1.5 Cr",1099 SQ.FT,"₹ 1.5 Cr
i"
318679,Hero Homes,1,"3 BHK Apartment
1.9 Cr - 2.4 Cr",1359 SQ.FT,"₹ 1.9 Cr
i"
318679,Hero Homes,1,"3 BHK Apartment
1.9 Cr - 2.4 Cr",1389 SQ.FT,"₹ 1.9 Cr
i"
318679,Hero Homes,1,"3 BHK Apartment
1.9 Cr - 2.4 Cr",1689 SQ.FT,"₹ 2.4 Cr
i"
318679,Hero Homes,1,"4 BHK Apartment
3.67 Cr",2450 SQ.FT,"₹ 3.67 Cr
i"
336331,ATS Destinaire,1,"3 BHK Apartment
2.09 Cr",1900 SQ.FT,₹ 2.09 Cr
336331,ATS Destinaire,1,"4 BHK Apartment
3.18 Cr",2550 SQ.FT,₹ 3.18 Cr
270729,ATS Rhapsody,1,"3.5 BHK Apartment
2.07 Cr",1800 SQ.FT,₹ 2.07 Cr
270729,ATS Rhapsody,1,"4 BHK Apartment
2.76 Cr",2400 SQ.FT,₹ 2.76 Cr
1030,M3M Golfestate,1,2 BHK Apartment,2124 SQ.FT,Price on Request
1030,M3M Golfestate,1,"3 BHK Apartment
6.34 Cr - 10.43 Cr",2882 SQ.FT,₹ 6.34 Cr
1030,M3M Golfestate,1,"3 BHK Apartment
6.34 Cr - 10.43 Cr",2979 SQ.FT,₹ 6.55 Cr
1030,M3M Golfestate,1,"3 BHK Apartment
6.34 Cr - 10.43 Cr",2985 SQ.FT,₹ 6.57 Cr
1030,M3M Golfestate,1,"3 BHK Apartment
6.34 Cr - 10.43 Cr",3129 SQ.FT,₹ 6.88 Cr
1030,M3M Golfestate,1,"3 BHK Apartment
6.34 Cr - 10.43 Cr",3203 SQ.FT,₹ 7.05 Cr
1030,M3M Golfestate,1,"3 BHK Apartment
6.34 Cr - 10.43 Cr",3449 SQ.FT,₹ 7.59 Cr
1030,M3M Golfestate,1,"3 BHK Apartment
6.34 Cr - 10.43 Cr",3452 SQ.FT,₹ 7.59 Cr
1030,M3M Golfestate,1,"3 BHK Apartment
6.34 Cr - 10.43 Cr",3454 SQ.FT,₹ 7.6 Cr
1030,M3M Golfestate,1,"3 BHK Apartment
6.34 Cr - 10.43 Cr",3469 SQ.FT,₹ 7.63 Cr
1030,M3M Golfestate,1,"3 BHK Apartment
6.34 Cr - 10.43 Cr",3705 SQ.FT,₹ 8.15 Cr
1030,M3M Golfestate,1,"3 BHK Apartment
6.34 Cr - 10.43 Cr",3799 SQ.FT,₹ 8.36 Cr
1030,M3M Golfestate,1,"3 BHK Apartment
6.34 Cr - 10.43 Cr",3843 SQ.FT,₹ 8.45 Cr
1030,M3M Golfestate,1,"3 BHK Apartment
6.34 Cr - 10.43 Cr",3967 SQ.FT,₹ 8.73 Cr
1030,M3M Golfestate,1,"3 BHK Apartment
6.34 Cr - 10.43 Cr",3968 SQ.FT,₹ 8.73 Cr
1030,M3M Golfestate,1,"3 BHK Apartment
6.34 Cr - 10.43 Cr",4742 SQ.FT,₹ 10.43 Cr
1030,M3M Golfestate,1,"3.5 BHK Apartment
8.06 Cr",3665 SQ.FT,₹ 8.06 Cr
1030,M3M Golfestate,1,"4 BHK Apartment
9.01 Cr - 13.58 Cr",4096 SQ.FT,₹ 9.01 Cr
1030,M3M Golfestate,1,"4 BHK Apartment
9.01 Cr - 13.58 Cr",4742 SQ.FT,₹ 10.43 Cr
1030,M3M Golfestate,1,"4 BHK Apartment
9.01 Cr - 13.58 Cr",4785 SQ.FT,₹ 10.53 Cr
1030,M3M Golfestate,1,"4 BHK Apartment
9.01 Cr - 13.58 Cr",4845 SQ.FT,₹ 10.66 Cr
1030,M3M Golfestate,1,"4 BHK Apartment
9.01 Cr - 13.58 Cr",4847 SQ.FT,₹ 10.66 Cr
1030,M3M Golfestate,1,"4 BHK Apartment
9.01 Cr - 13.58 Cr",4944 SQ.FT,₹ 10.88 Cr
1030,M3M Golfestate,1,"4 BHK Apartment
9.01 Cr - 13.58 Cr",4992 SQ.FT,₹ 10.98 Cr
1030,M3M Golfestate,1,"4 BHK Apartment
9.01 Cr - 13.58 Cr",5219 SQ.FT,₹ 11.48 Cr
1030,M3M Golfestate,1,"4 BHK Apartment
9.01 Cr - 13.58 Cr",6171 SQ.FT,₹ 13.58 Cr
1030,M3M Golfestate,1,5 BHK Apartment,5760 SQ.FT,Price on Request
1030,M3M Golfestate,1,5 BHK Apartment,7851 SQ.FT,₹ 17.27 Cr
1030,M3M Golfestate,1,5 BHK Apartment,13500 SQ.FT,₹ 29.7 Cr
87,ATS Advantage,1,"2 BHK Apartment
1.69 Cr",1100 SQ.FT,₹ 1.69 Cr
87,ATS Advantage,1,"3 BHK Apartment
2.46 Cr - 3.28 Cr",1600 SQ.FT,₹ 2.46 Cr
87,ATS Advantage,1,"3 BHK Apartment
2.46 Cr - 3.28 Cr",1685 SQ.FT,₹ 2.59 Cr
87,ATS Advantage,1,"3 BHK Apartment
2.46 Cr - 3.28 Cr",2000 SQ.FT,₹ 3.07 Cr
87,ATS Advantage,1,"3 BHK Apartment
2.46 Cr - 3.28 Cr",2140 SQ.FT,₹ 3.28 Cr
87,ATS Advantage,1,"4 BHK Apartment
4.68 Cr - 4.91 Cr",3050 SQ.FT,₹ 4.68 Cr
87,ATS Advantage,1,"4 BHK Apartment
4.68 Cr - 4.91 Cr",3200 SQ.FT,₹ 4.91 Cr
427056,M3M Altitude,1,4 BHK Apartment,3712 SQ.FT,Price on Request
427056,M3M Altitude,1,4 BHK Apartment,3755 SQ.FT,₹ 7.47 Cr
427056,M3M Altitude,1,4 BHK Apartment,3800 SQ.FT,Price on Request
427056,M3M Altitude,1,4 BHK Apartment,4200 SQ.FT,Price on Request
427056,M3M Altitude,1,4 BHK Apartment,4270 SQ.FT,₹ 8.5 Cr
427056,M3M Altitude,1,"4.5 BHK Apartment
7.33 Cr - 8.45 Cr",3685 SQ.FT,₹ 7.33 Cr
427056,M3M Altitude,1,"4.5 BHK Apartment
7.33 Cr - 8.45 Cr",4245 SQ.FT,₹ 8.45 Cr
427056,M3M Altitude,1,"5 BHK Apartment
14.95 Cr - 16.05 Cr",7515 SQ.FT,₹ 14.95 Cr
427056,M3M Altitude,1,"5 BHK Apartment
14.95 Cr - 16.05 Cr",8065 SQ.FT,₹ 16.05 Cr
25860,ATS Triumph,1,"3 BHK Apartment
2.8 Cr",2290 SQ.FT,"₹ 2.8 Cr
i"
25860,ATS Triumph,1,"4 BHK Apartment
4 Cr",3150 SQ.FT,"₹ 4 Cr
i"
269397,ATS Picturesque Reprieves,1,"3 BHK Apartment
2.57 Cr - 3.24 Cr",1850 SQ.FT,"₹ 2.57 Cr
i"
269397,ATS Picturesque Reprieves,1,"3 BHK Apartment
2.57 Cr - 3.24 Cr",2350 SQ.FT,"₹ 3.24 Cr
i"
269397,ATS Picturesque Reprieves,1,"4 BHK Apartment
4.39 Cr",3200 SQ.FT,"₹ 4.39 Cr
i"
269397,ATS Picturesque Reprieves,2,"3 BHK Apartment
2.29 Cr - 2.89 Cr",1850 SQ.FT,"₹ 2.29 Cr
i"
269397,ATS Picturesque Reprieves,2,"3 BHK Apartment
2.29 Cr - 2.89 Cr",2350 SQ.FT,"₹ 2.89 Cr
i"
269397,ATS Picturesque Reprieves,2,"4 BHK Apartment
3.91 Cr",3200 SQ.FT,"₹ 3.91 Cr
i"
379918,Nimbus Express Park View 2 Low Rise,1,"2 BHK Apartment
89.03 L - 93.67 L",678 SQ.FT,₹ 89.03 L
379918,Nimbus Express Park View 2 Low Rise,1,"2 BHK Apartment
89.03 L - 93.67 L",726 SQ.FT,₹ 93.67 L
379918,Nimbus Express Park View 2 Low Rise,1,"3 BHK Apartment
1.35 Cr - 1.73 Cr",947 SQ.FT,₹ 1.35 Cr
379918,Nimbus Express Park View 2 Low Rise,1,"3 BHK Apartment
1.35 Cr - 1.73 Cr",1209 SQ.FT,₹ 1.73 Cr
426159,Nimbus The Palm Village,1,"3 BHK Apartment
1.84 Cr - 1.9 Cr",2100 SQ.FT,₹ 1.84 Cr
426159,Nimbus The Palm Village,1,"3 BHK Apartment
1.84 Cr - 1.9 Cr",2150 SQ.FT,₹ 1.88 Cr
426159,Nimbus The Palm Village,1,"3 BHK Apartment
1.84 Cr - 1.9 Cr",2175 SQ.FT,₹ 1.9 Cr
426520,Conscient Parq,1,"3 BHK Apartment
3.2 Cr - 5.25 Cr",1063 SQ.FT,₹ 3.2 Cr
426520,Conscient Parq,1,"3 BHK Apartment
3.2 Cr - 5.25 Cr",1254 SQ.FT,₹ 3.77 Cr
426520,Conscient Parq,1,"3 BHK Apartment
3.2 Cr - 5.25 Cr",1255 SQ.FT,₹ 3.78 Cr
426520,Conscient Parq,1,"3 BHK Apartment
3.2 Cr - 5.25 Cr",1276 SQ.FT,₹ 3.84 Cr
426520,Conscient Parq,1,"3 BHK Apartment
3.2 Cr - 5.25 Cr",1277 SQ.FT,₹ 3.84 Cr
426520,Conscient Parq,1,"3 BHK Apartment
3.2 Cr - 5.25 Cr",1289 SQ.FT,₹ 3.88 Cr
426520,Conscient Parq,1,"3 BHK Apartment
3.2 Cr - 5.25 Cr",1363 SQ.FT,₹ 4.1 Cr
426520,Conscient Parq,1,"3 BHK Apartment
3.2 Cr - 5.25 Cr",1604 SQ.FT,₹ 4.83 Cr
426520,Conscient Parq,1,"3 BHK Apartment
3.2 Cr - 5.25 Cr",1617 SQ.FT,₹ 4.87 Cr
426520,Conscient Parq,1,"3 BHK Apartment
3.2 Cr - 5.25 Cr",1619 SQ.FT,₹ 4.87 Cr
426520,Conscient Parq,1,"3 BHK Apartment
3.2 Cr - 5.25 Cr",1732 SQ.FT,₹ 5.21 Cr
426520,Conscient Parq,1,"3 BHK Apartment
3.2 Cr - 5.25 Cr",1744 SQ.FT,₹ 5.25 Cr
426520,Conscient Parq,1,"4 BHK Apartment
4.63 Cr - 5.58 Cr",1537 SQ.FT,₹ 4.63 Cr
426520,Conscient Parq,1,"4 BHK Apartment
4.63 Cr - 5.58 Cr",1854 SQ.FT,₹ 5.58 Cr
62235,Mahindra Luminare,1,3 BHK Apartment,1535 SQ.FT,₹ 4.76 Cr
62235,Mahindra Luminare,1,3 BHK Apartment,1624 SQ.FT,₹ 5.03 Cr
62235,Mahindra Luminare,1,3 BHK Apartment,1632 SQ.FT,Price on Request
62235,Mahindra Luminare,1,4 BHK Apartment,1342 SQ.FT,Price on Request
62235,Mahindra Luminare,1,4 BHK Apartment,1398 SQ.FT,Price on Request
62235,Mahindra Luminare,1,4 BHK Apartment,2009 SQ.FT,Price on Request
62235,Mahindra Luminare,1,4 BHK Apartment,2689 SQ.FT,Price on Request
62235,Mahindra Luminare,1,4 BHK Apartment,2739 SQ.FT,Price on Request
62235,Mahindra Luminare,1,4 BHK Apartment,2740 SQ.FT,Price on Request
62235,Mahindra Luminare,1,5 BHK Apartment,3385 SQ.FT,Price on Request
404068,M3M Crown,1,"2 BHK Apartment
3.07 Cr",1615 SQ.FT,₹ 3.07 Cr
404068,M3M Crown,1,3 BHK Apartment,1555 SQ.FT,₹ 2.95 Cr
404068,M3M Crown,1,3 BHK Apartment,1605 SQ.FT,₹ 3.05 Cr
404068,M3M Crown,1,3 BHK Apartment,1665 SQ.FT,Price on Request
404068,M3M Crown,1,3 BHK Apartment,1868 SQ.FT,₹ 3.55 Cr
404068,M3M Crown,1,3 BHK Apartment,2105 SQ.FT,₹ 4.0 Cr
404068,M3M Crown,1,"3.5 BHK Apartment
3.41 Cr - 4.12 Cr",1795 SQ.FT,₹ 3.41 Cr
404068,M3M Crown,1,"3.5 BHK Apartment
3.41 Cr - 4.12 Cr",1825 SQ.FT,₹ 3.47 Cr
404068,M3M Crown,1,"3.5 BHK Apartment
3.41 Cr - 4.12 Cr",1895 SQ.FT,₹ 3.6 Cr
404068,M3M Crown,1,"3.5 BHK Apartment
3.41 Cr - 4.12 Cr",2022 SQ.FT,₹ 3.84 Cr
404068,M3M Crown,1,"3.5 BHK Apartment
3.41 Cr - 4.12 Cr",2080 SQ.FT,₹ 3.95 Cr
404068,M3M Crown,1,"3.5 BHK Apartment
3.41 Cr - 4.12 Cr",2170 SQ.FT,₹ 4.12 Cr
404068,M3M Crown,1,"4 BHK Apartment
4.27 Cr - 4.56 Cr",2248 SQ.FT,₹ 4.27 Cr
404068,M3M Crown,1,"4 BHK Apartment
4.27 Cr - 4.56 Cr",2305 SQ.FT,₹ 4.38 Cr
404068,M3M Crown,1,"4 BHK Apartment
4.27 Cr - 4.56 Cr",2400 SQ.FT,₹ 4.56 Cr
404068,M3M Crown,1,"4.5 BHK Apartment
4.77 Cr - 5.07 Cr",2510 SQ.FT,₹ 4.77 Cr
404068,M3M Crown,1,"4.5 BHK Apartment
4.77 Cr - 5.07 Cr",2570 SQ.FT,₹ 4.88 Cr
404068,M3M Crown,1,"4.5 BHK Apartment
4.77 Cr - 5.07 Cr",2670 SQ.FT,₹ 5.07 Cr
404456,Signature Global City 93,1,"2 BHK Apartment
1.11 Cr - 1.26 Cr",981 SQ.FT,₹ 1.11 Cr
404456,Signature Global City 93,1,"2 BHK Apartment
1.11 Cr - 1.26 Cr",1118 SQ.FT,₹ 1.26 Cr
404456,Signature Global City 93,1,"3 BHK Apartment
1.4 Cr - 1.51 Cr",1235 SQ.FT,₹ 1.4 Cr
404456,Signature Global City 93,1,"3 BHK Apartment
1.4 Cr - 1.51 Cr",1328 SQ.FT,₹ 1.5 Cr
404456,Signature Global City 93,1,"3 BHK Apartment
1.4 Cr - 1.51 Cr",1335 SQ.FT,₹ 1.51 Cr
404456,Signature Global City 93,1,"3.5 BHK Apartment
1.69 Cr - 1.73 Cr",1496 SQ.FT,₹ 1.69 Cr
404456,Signature Global City 93,1,"3.5 BHK Apartment
1.69 Cr - 1.73 Cr",1530 SQ.FT,₹ 1.73 Cr
424568,JMS Premier Floors,1,2 BHK Apartment,1260 SQ.FT,Price on Request
424568,JMS Premier Floors,1,"2.5 BHK Apartment
1.09 Cr - 1.57 Cr",1340 SQ.FT,₹ 1.09 Cr
424568,JMS Premier Floors,1,"2.5 BHK Apartment
1.09 Cr - 1.57 Cr",1408 SQ.FT,₹ 1.14 Cr
424568,JMS Premier Floors,1,"2.5 BHK Apartment
1.09 Cr - 1.57 Cr",1835 SQ.FT,₹ 1.49 Cr
424568,JMS Premier Floors,1,"2.5 BHK Apartment
1.09 Cr - 1.57 Cr",1939 SQ.FT,₹ 1.57 Cr
424568,JMS Premier Floors,1,3 BHK Apartment,1592 SQ.FT,Price on Request
424568,JMS Premier Floors,1,"3.5 BHK Apartment
1.42 Cr - 1.95 Cr",1745 SQ.FT,₹ 1.42 Cr
424568,JMS Premier Floors,1,"3.5 BHK Apartment
1.42 Cr - 1.95 Cr",2403 SQ.FT,₹ 1.95 Cr
327273,County 107,1,"4 BHK Apartment
6.65 Cr - 8.52 Cr",3501 SQ.FT,₹ 6.65 Cr
327273,County 107,1,"4 BHK Apartment
6.65 Cr - 8.52 Cr",4482 SQ.FT,₹ 8.52 Cr
327273,County 107,1,"5 BHK Apartment
12.48 Cr",6570 SQ.FT,₹ 12.48 Cr
376088,Smart World Orchard,1,"2.5 BHK Builder Floor
1.59 Cr - 1.8 Cr",1100 SQ.FT,₹ 1.59 Cr
376088,Smart World Orchard,1,"2.5 BHK Builder Floor
1.59 Cr - 1.8 Cr",1120 SQ.FT,₹ 1.62 Cr
376088,Smart World Orchard,1,"2.5 BHK Builder Floor
1.59 Cr - 1.8 Cr",1150 SQ.FT,₹ 1.66 Cr
376088,Smart World Orchard,1,"2.5 BHK Builder Floor
1.59 Cr - 1.8 Cr",1200 SQ.FT,₹ 1.73 Cr
376088,Smart World Orchard,1,"2.5 BHK Builder Floor
1.59 Cr - 1.8 Cr",1250 SQ.FT,₹ 1.8 Cr
376088,Smart World Orchard,1,"3 BHK Builder Floor
2.02 Cr - 2.6 Cr",1398 SQ.FT,₹ 2.02 Cr
376088,Smart World Orchard,1,"3 BHK Builder Floor
2.02 Cr - 2.6 Cr",1500 SQ.FT,₹ 2.17 Cr
376088,Smart World Orchard,1,"3 BHK Builder Floor
2.02 Cr - 2.6 Cr",1600 SQ.FT,₹ 2.31 Cr
376088,Smart World Orchard,1,"3 BHK Builder Floor
2.02 Cr - 2.6 Cr",1630 SQ.FT,₹ 2.35 Cr
376088,Smart World Orchard,1,"3 BHK Builder Floor
2.02 Cr - 2.6 Cr",1800 SQ.FT,₹ 2.6 Cr
376088,Smart World Orchard,1,"3.5 BHK Builder Floor
2.24 Cr",1549 SQ.FT,₹ 2.24 Cr
434608,Eldeco Fairway Reserve,1,"4 BHK Apartment
4.89 Cr",2875 SQ.FT,₹ 4.89 Cr
352,BPTP Parklands,1,"Plot
96.05 L - 10.16 Cr",113 SQ.YD,₹ 96.05 L
352,BPTP Parklands,1,"Plot
96.05 L - 10.16 Cr",172 SQ.YD,₹ 1.46 Cr
352,BPTP Parklands,1,"Plot
96.05 L - 10.16 Cr",250 SQ.YD,₹ 2.12 Cr
352,BPTP Parklands,1,"Plot
96.05 L - 10.16 Cr",300 SQ.YD,₹ 2.55 Cr
352,BPTP Parklands,1,"Plot
96.05 L - 10.16 Cr",350 SQ.YD,₹ 2.97 Cr
352,BPTP Parklands,1,"Plot
96.05 L - 10.16 Cr",500 SQ.YD,₹ 4.25 Cr
352,BPTP Parklands,1,"Plot
96.05 L - 10.16 Cr",1195 SQ.YD,₹ 10.16 Cr
420301,Tarc Kailasa,1,3 BHK Apartment,1851 SQ.FT,₹ 6.8 Cr
420301,Tarc Kailasa,1,3 BHK Apartment,1894 SQ.FT,Price on Request
420301,Tarc Kailasa,1,3 BHK Apartment,1938 SQ.FT,₹ 7.12 Cr
420301,Tarc Kailasa,1,"4 BHK Apartment
8.26 Cr",2250 SQ.FT,₹ 8.26 Cr
8130,Paradise Sai Miracle,1,2 BHK Apartment,1200 SQ.FT,Price on Request
8130,Paradise Sai Miracle,1,2 BHK Apartment,1225 SQ.FT,Price on Request
8130,Paradise Sai Miracle,1,2 BHK Apartment,1240 SQ.FT,Price on Request
8130,Paradise Sai Miracle,1,2 BHK Apartment,1265 SQ.FT,Price on Request
8130,Paradise Sai Miracle,1,3 BHK Apartment,1685 SQ.FT,Price on Request
8130,Paradise Sai Miracle,1,3 BHK Apartment,1710 SQ.FT,Price on Request
8130,Paradise Sai Miracle,1,3 BHK Apartment,2500 SQ.FT,Price on Request
8130,Paradise Sai Miracle,1,3 BHK Apartment,3125 SQ.FT,Price on Request
8590,Indiabulls Golf City,1,"1 BHK Apartment
25.04 L - 45.27 L",573 SQ.FT,₹ 25.04 L
8590,Indiabulls Golf City,1,"1 BHK Apartment
25.04 L - 45.27 L",576 SQ.FT,₹ 25.17 L
8590,Indiabulls Golf City,1,"1 BHK Apartment
25.04 L - 45.27 L",785 SQ.FT,₹ 34.3 L
8590,Indiabulls Golf City,1,"1 BHK Apartment
25.04 L - 45.27 L",918 SQ.FT,₹ 40.12 L
8590,Indiabulls Golf City,1,"1 BHK Apartment
25.04 L - 45.27 L",1036 SQ.FT,₹ 45.27 L
8590,Indiabulls Golf City,1,"2 BHK Apartment
57.6 L - 72.45 L",1318 SQ.FT,₹ 57.6 L
8590,Indiabulls Golf City,1,"2 BHK Apartment
57.6 L - 72.45 L",1377 SQ.FT,₹ 60.17 L
8590,Indiabulls Golf City,1,"2 BHK Apartment
57.6 L - 72.45 L",1427 SQ.FT,₹ 62.36 L
8590,Indiabulls Golf City,1,"2 BHK Apartment
57.6 L - 72.45 L",1529 SQ.FT,₹ 66.82 L
8590,Indiabulls Golf City,1,"2 BHK Apartment
57.6 L - 72.45 L",1658 SQ.FT,₹ 72.45 L
8590,Indiabulls Golf City,1,"3 BHK Apartment
69.88 L - 1.41 Cr",1599 SQ.FT,₹ 69.88 L
8590,Indiabulls Golf City,1,"3 BHK Apartment
69.88 L - 1.41 Cr",1812 SQ.FT,₹ 79.18 L
8590,Indiabulls Golf City,1,"3 BHK Apartment
69.88 L - 1.41 Cr",1979 SQ.FT,₹ 86.48 L
8590,Indiabulls Golf City,1,"3 BHK Apartment
69.88 L - 1.41 Cr",2515 SQ.FT,₹ 1.1 Cr
8590,Indiabulls Golf City,1,"3 BHK Apartment
69.88 L - 1.41 Cr",3218 SQ.FT,₹ 1.41 Cr
8590,Indiabulls Golf City,1,"4 BHK Apartment
1.06 Cr - 1.56 Cr",2437 SQ.FT,₹ 1.06 Cr
8590,Indiabulls Golf City,1,"4 BHK Apartment
1.06 Cr - 1.56 Cr",2674 SQ.FT,₹ 1.17 Cr
8590,Indiabulls Golf City,1,"4 BHK Apartment
1.06 Cr - 1.56 Cr",2690 SQ.FT,₹ 1.18 Cr
8590,Indiabulls Golf City,1,"4 BHK Apartment
1.06 Cr - 1.56 Cr",2978 SQ.FT,₹ 1.3 Cr
8590,Indiabulls Golf City,1,"4 BHK Apartment
1.06 Cr - 1.56 Cr",3572 SQ.FT,₹ 1.56 Cr
18410,Experion The Westerlies,1,"4 BHK Villa
8.99 Cr - 10.54 Cr",4486 SQ.FT,₹ 8.99 Cr
18410,Experion The Westerlies,1,"4 BHK Villa
8.99 Cr - 10.54 Cr",4782 SQ.FT,₹ 9.59 Cr
18410,Experion The Westerlies,1,"4 BHK Villa
8.99 Cr - 10.54 Cr",5260 SQ.FT,₹ 10.54 Cr
18410,Experion The Westerlies,1,"5 BHK Villa
10.47 Cr - 18.04 Cr",5222 SQ.FT,₹ 10.47 Cr
18410,Experion The Westerlies,1,"5 BHK Villa
10.47 Cr - 18.04 Cr",6824 SQ.FT,₹ 13.68 Cr
18410,Experion The Westerlies,1,"5 BHK Villa
10.47 Cr - 18.04 Cr",6899 SQ.FT,₹ 13.83 Cr
18410,Experion The Westerlies,1,"5 BHK Villa
10.47 Cr - 18.04 Cr",8146 SQ.FT,₹ 16.33 Cr
18410,Experion The Westerlies,1,"5 BHK Villa
10.47 Cr - 18.04 Cr",8397 SQ.FT,₹ 16.83 Cr
18410,Experion The Westerlies,1,"5 BHK Villa
10.47 Cr - 18.04 Cr",8998 SQ.FT,₹ 18.04 Cr
320141,Godrej Air,1,"1 BHK Apartment
1.55 Cr",954 SQ.FT,₹ 1.55 Cr
320141,Godrej Air,1,"2 BHK Apartment
1.61 Cr - 2.26 Cr",990 SQ.FT,₹ 1.61 Cr
320141,Godrej Air,1,"2 BHK Apartment
1.61 Cr - 2.26 Cr",1044 SQ.FT,₹ 1.7 Cr
320141,Godrej Air,1,"2 BHK Apartment
1.61 Cr - 2.26 Cr",1046 SQ.FT,₹ 1.7 Cr
320141,Godrej Air,1,"2 BHK Apartment
1.61 Cr - 2.26 Cr",1263 SQ.FT,₹ 2.05 Cr
320141,Godrej Air,1,"2 BHK Apartment
1.61 Cr - 2.26 Cr",1390 SQ.FT,₹ 2.26 Cr
320141,Godrej Air,1,"3 BHK Apartment
2.1 Cr - 3.46 Cr",1292 SQ.FT,₹ 2.1 Cr
320141,Godrej Air,1,"3 BHK Apartment
2.1 Cr - 3.46 Cr",1313 SQ.FT,₹ 2.14 Cr
320141,Godrej Air,1,"3 BHK Apartment
2.1 Cr - 3.46 Cr",1370 SQ.FT,₹ 2.23 Cr
320141,Godrej Air,1,"3 BHK Apartment
2.1 Cr - 3.46 Cr",1376 SQ.FT,₹ 2.24 Cr
320141,Godrej Air,1,"3 BHK Apartment
2.1 Cr - 3.46 Cr",1507 SQ.FT,₹ 2.45 Cr
320141,Godrej Air,1,"3 BHK Apartment
2.1 Cr - 3.46 Cr",1582 SQ.FT,₹ 2.57 Cr
320141,Godrej Air,1,"3 BHK Apartment
2.1 Cr - 3.46 Cr",1829 SQ.FT,₹ 2.97 Cr
320141,Godrej Air,1,"3 BHK Apartment
2.1 Cr - 3.46 Cr",2129 SQ.FT,₹ 3.46 Cr
320141,Godrej Air,1,"4 BHK Apartment
2.99 Cr - 4.23 Cr",1841 SQ.FT,₹ 2.99 Cr
320141,Godrej Air,1,"4 BHK Apartment
2.99 Cr - 4.23 Cr",1951 SQ.FT,₹ 3.17 Cr
320141,Godrej Air,1,"4 BHK Apartment
2.99 Cr - 4.23 Cr",2599 SQ.FT,₹ 4.23 Cr
379657,Signature Global City 92,1,"2 BHK Apartment
1.1 Cr",955 SQ.FT,"₹ 1.1 Cr
i"
379657,Signature Global City 92,1,"3 BHK Apartment
1.32 Cr",1095 SQ.FT,"₹ 1.32 Cr
i"
412546,DLF Privana South,1,"4 BHK Apartment
7.1 Cr",3577 SQ.FT,₹ 7.1 Cr
412546,DLF Privana South,1,"4 BHK Penthouse
10.86 Cr",5472 SQ.FT,₹ 10.86 Cr
297055,Godrej Nature Plus,1,"2 BHK Apartment
1.34 Cr - 1.41 Cr",1310 SQ.FT,₹ 1.34 Cr
297055,Godrej Nature Plus,1,"2 BHK Apartment
1.34 Cr - 1.41 Cr",1311 SQ.FT,₹ 1.34 Cr
297055,Godrej Nature Plus,1,"2 BHK Apartment
1.34 Cr - 1.41 Cr",1385 SQ.FT,₹ 1.41 Cr
297055,Godrej Nature Plus,1,"2.5 BHK Apartment
1.56 Cr",1528 SQ.FT,₹ 1.56 Cr
297055,Godrej Nature Plus,1,"3 BHK Apartment
1.59 Cr - 2.03 Cr",1557 SQ.FT,₹ 1.59 Cr
297055,Godrej Nature Plus,1,"3 BHK Apartment
1.59 Cr - 2.03 Cr",1986 SQ.FT,₹ 2.02 Cr
297055,Godrej Nature Plus,1,"3 BHK Apartment
1.59 Cr - 2.03 Cr",1996 SQ.FT,₹ 2.03 Cr
378934,Signature Global City,1,"2 BHK Apartment
1.17 Cr",990 SQ.FT,₹ 1.17 Cr
378934,Signature Global City,1,"3 BHK Apartment
1.47 Cr - 2.71 Cr",1250 SQ.FT,₹ 1.47 Cr
378934,Signature Global City,1,"3 BHK Apartment
1.47 Cr - 2.71 Cr",1440 SQ.FT,₹ 1.7 Cr
378934,Signature Global City,1,"3 BHK Apartment
1.47 Cr - 2.71 Cr",2300 SQ.FT,₹ 2.71 Cr
378934,Signature Global City,2,"2 BHK Apartment
1.16 Cr - 1.26 Cr",1050 SQ.FT,₹ 1.16 Cr
378934,Signature Global City,2,"2 BHK Apartment
1.16 Cr - 1.26 Cr",1060 SQ.FT,₹ 1.17 Cr
378934,Signature Global City,2,"2 BHK Apartment
1.16 Cr - 1.26 Cr",1150 SQ.FT,₹ 1.26 Cr
378934,Signature Global City,2,"3 BHK Apartment
1.42 Cr - 1.69 Cr",1295 SQ.FT,₹ 1.42 Cr
378934,Signature Global City,2,"3 BHK Apartment
1.42 Cr - 1.69 Cr",1305 SQ.FT,₹ 1.44 Cr
378934,Signature Global City,2,"3 BHK Apartment
1.42 Cr - 1.69 Cr",1450 SQ.FT,₹ 1.6 Cr
378934,Signature Global City,2,"3 BHK Apartment
1.42 Cr - 1.69 Cr",1535 SQ.FT,₹ 1.69 Cr
378934,Signature Global City,3,"Plot
1.14 Cr - 1.49 Cr",1000 SQ.FT,₹ 1.14 Cr
378934,Signature Global City,3,"Plot
1.14 Cr - 1.49 Cr",1305 SQ.FT,₹ 1.49 Cr
328903,L and T Seawoods Residences,1,2 BHK Apartment,490 SQ.FT,Price on Request
328903,L and T Seawoods Residences,1,2 BHK Apartment,493 SQ.FT,₹ 1.6 Cr
328903,L and T Seawoods Residences,1,2 BHK Apartment,522 SQ.FT,₹ 1.69 Cr
328903,L and T Seawoods Residences,1,2 BHK Apartment,710 SQ.FT,Price on Request
328903,L and T Seawoods Residences,1,3 BHK Apartment,673 SQ.FT,₹ 2.27 Cr
328903,L and T Seawoods Residences,1,3 BHK Apartment,808 SQ.FT,Price on Request
328903,L and T Seawoods Residences,1,3 BHK Apartment,877 SQ.FT,Price on Request
328903,L and T Seawoods Residences,1,3 BHK Apartment,880 SQ.FT,₹ 2.85 Cr
328903,L and T Seawoods Residences,1,3 BHK Apartment,884 SQ.FT,Price on Request
328903,L and T Seawoods Residences,1,3 BHK Apartment,1240 SQ.FT,Price on Request
328903,L and T Seawoods Residences,2,2 BHK Apartment,490 SQ.FT,Price on Request
328903,L and T Seawoods Residences,2,2 BHK Apartment,493 SQ.FT,₹ 1.6 Cr
328903,L and T Seawoods Residences,2,2 BHK Apartment,522 SQ.FT,₹ 1.69 Cr
328903,L and T Seawoods Residences,2,2 BHK Apartment,710 SQ.FT,Price on Request
328903,L and T Seawoods Residences,2,3 BHK Apartment,673 SQ.FT,₹ 2.27 Cr
328903,L and T Seawoods Residences,2,3 BHK Apartment,808 SQ.FT,Price on Request
328903,L and T Seawoods Residences,2,3 BHK Apartment,877 SQ.FT,Price on Request
328903,L and T Seawoods Residences,2,3 BHK Apartment,880 SQ.FT,₹ 2.85 Cr
328903,L and T Seawoods Residences,2,3 BHK Apartment,884 SQ.FT,Price on Request
328903,L and T Seawoods Residences,2,3 BHK Apartment,1240 SQ.FT,Price on Request
328903,L and T Seawoods Residences,3,"2 BHK Apartment
2.46 Cr - 2.62 Cr",770 SQ.FT,₹ 2.46 Cr
328903,L and T Seawoods Residences,3,"2 BHK Apartment
2.46 Cr - 2.62 Cr",820 SQ.FT,₹ 2.62 Cr
328903,L and T Seawoods Residences,3,"3 BHK Apartment
3.45 Cr - 3.96 Cr",1080 SQ.FT,₹ 3.45 Cr
328903,L and T Seawoods Residences,3,"3 BHK Apartment
3.45 Cr - 3.96 Cr",1105 SQ.FT,₹ 3.53 Cr
328903,L and T Seawoods Residences,3,"3 BHK Apartment
3.45 Cr - 3.96 Cr",1165 SQ.FT,₹ 3.72 Cr
328903,L and T Seawoods Residences,3,"3 BHK Apartment
3.45 Cr - 3.96 Cr",1240 SQ.FT,₹ 3.96 Cr
153,KLJ Greens,1,"2 BHK Apartment
61.75 L",1343 SQ.FT,₹ 61.75 L
153,KLJ Greens,1,"2.5 BHK Apartment
58.81 L - 63.77 L",1279 SQ.FT,₹ 58.81 L
153,KLJ Greens,1,"2.5 BHK Apartment
58.81 L - 63.77 L",1387 SQ.FT,₹ 63.77 L
153,KLJ Greens,1,"3 BHK Apartment
73.66 L - 81.39 L",1602 SQ.FT,₹ 73.66 L
153,KLJ Greens,1,"3 BHK Apartment
73.66 L - 81.39 L",1666 SQ.FT,₹ 76.6 L
153,KLJ Greens,1,"3 BHK Apartment
73.66 L - 81.39 L",1675 SQ.FT,₹ 77.02 L
153,KLJ Greens,1,"3 BHK Apartment
73.66 L - 81.39 L",1707 SQ.FT,₹ 78.49 L
153,KLJ Greens,1,"3 BHK Apartment
73.66 L - 81.39 L",1710 SQ.FT,₹ 78.63 L
153,KLJ Greens,1,"3 BHK Apartment
73.66 L - 81.39 L",1770 SQ.FT,₹ 81.39 L
153,KLJ Greens,1,"3.5 BHK Apartment
79.09 L",1720 SQ.FT,₹ 79.09 L
153,KLJ Greens,1,"4 BHK Apartment
98.4 L - 1.08 Cr",2140 SQ.FT,₹ 98.4 L
153,KLJ Greens,1,"4 BHK Apartment
98.4 L - 1.08 Cr",2141 SQ.FT,₹ 98.44 L
153,KLJ Greens,1,"4 BHK Apartment
98.4 L - 1.08 Cr",2339 SQ.FT,₹ 1.08 Cr
294215,Arihant Aspire,1,1 BHK Apartment,335 SQ.FT,"₹ 50.0 L
i"
294215,Arihant Aspire,1,1 BHK Apartment,335 SQ.FT,₹ 43.55 L
294215,Arihant Aspire,1,1 BHK Apartment,365 SQ.FT,₹ 47.44 L
294215,Arihant Aspire,1,1 BHK Apartment,333 SQ.FT,₹ 55.17 L
294215,Arihant Aspire,1,1 BHK Apartment,365 SQ.FT,₹ 60.47 L
294215,Arihant Aspire,1,1 BHK Apartment,400 SQ.FT,Price on Request
294215,Arihant Aspire,1,1 BHK Apartment,450 SQ.FT,Price on Request
294215,Arihant Aspire,1,2 BHK Apartment,489 SQ.FT,"₹ 80.0 L
i"
294215,Arihant Aspire,1,2 BHK Apartment,607 SQ.FT,"₹ 99.3 L
i"
294215,Arihant Aspire,1,2 BHK Apartment,570 SQ.FT,₹ 74.09 L
294215,Arihant Aspire,1,2 BHK Apartment,600 SQ.FT,Price on Request
294215,Arihant Aspire,1,2 BHK Apartment,650 SQ.FT,Price on Request
294215,Arihant Aspire,1,2 BHK Apartment,732 SQ.FT,Price on Request
294215,Arihant Aspire,1,2 BHK Apartment,765 SQ.FT,₹ 1.31 Cr
294215,Arihant Aspire,1,3 BHK Apartment,900 SQ.FT,Price on Request
294215,Arihant Aspire,1,3 BHK Apartment,950 SQ.FT,Price on Request
399000,ATS Bonheur Avenue,1,"Plot
1.55 Cr - 1.81 Cr",1165 SQ.FT,₹ 1.55 Cr
399000,ATS Bonheur Avenue,1,"Plot
1.55 Cr - 1.81 Cr",1249 SQ.FT,₹ 1.67 Cr
399000,ATS Bonheur Avenue,1,"Plot
1.55 Cr - 1.81 Cr",1285 SQ.FT,₹ 1.71 Cr
399000,ATS Bonheur Avenue,1,"Plot
1.55 Cr - 1.81 Cr",1286 SQ.FT,₹ 1.71 Cr
399000,ATS Bonheur Avenue,1,"Plot
1.55 Cr - 1.81 Cr",1355 SQ.FT,₹ 1.81 Cr
400534,Amolik Aster Woods,1,"Plot
70.03 L - 1.33 Cr",854 SQ.FT,₹ 70.03 L
400534,Amolik Aster Woods,1,"Plot
70.03 L - 1.33 Cr",900 SQ.FT,₹ 73.8 L
400534,Amolik Aster Woods,1,"Plot
70.03 L - 1.33 Cr",954 SQ.FT,₹ 78.23 L
400534,Amolik Aster Woods,1,"Plot
70.03 L - 1.33 Cr",955 SQ.FT,₹ 78.31 L
400534,Amolik Aster Woods,1,"Plot
70.03 L - 1.33 Cr",1125 SQ.FT,₹ 92.25 L
400534,Amolik Aster Woods,1,"Plot
70.03 L - 1.33 Cr",1395 SQ.FT,₹ 1.14 Cr
400534,Amolik Aster Woods,1,"Plot
70.03 L - 1.33 Cr",1614 SQ.FT,₹ 1.32 Cr
400534,Amolik Aster Woods,1,"Plot
70.03 L - 1.33 Cr",1620 SQ.FT,₹ 1.33 Cr
371039,Bhagwati Greens 2,1,2 BHK Apartment,740 SQ.FT,Price on Request
371039,Bhagwati Greens 2,1,3 BHK Apartment,1100 SQ.FT,Price on Request
371039,Bhagwati Greens 2,2,"2 BHK Apartment
2.42 Cr - 2.95 Cr",1120 SQ.FT,₹ 2.42 Cr
371039,Bhagwati Greens 2,2,"2 BHK Apartment
2.42 Cr - 2.95 Cr",1350 SQ.FT,₹ 2.92 Cr
371039,Bhagwati Greens 2,2,"2 BHK Apartment
2.42 Cr - 2.95 Cr",1365 SQ.FT,₹ 2.95 Cr
371039,Bhagwati Greens 2,2,"3 BHK Apartment
4.31 Cr - 4.91 Cr",1995 SQ.FT,₹ 4.31 Cr
371039,Bhagwati Greens 2,2,"3 BHK Apartment
4.31 Cr - 4.91 Cr",2030 SQ.FT,₹ 4.39 Cr
371039,Bhagwati Greens 2,2,"3 BHK Apartment
4.31 Cr - 4.91 Cr",2050 SQ.FT,₹ 4.43 Cr
371039,Bhagwati Greens 2,2,"3 BHK Apartment
4.31 Cr - 4.91 Cr",2270 SQ.FT,₹ 4.91 Cr
331815,One Akshar,1,4 BHK Apartment,1197 SQ.FT,₹ 9.05 Cr
331815,One Akshar,1,4 BHK Apartment,1357 SQ.FT,₹ 10.68 Cr
331815,One Akshar,1,4 BHK Apartment,1499 SQ.FT,₹ 10.99 Cr
331815,One Akshar,1,4 BHK Apartment,1785 SQ.FT,₹ 11.55 Cr
331815,One Akshar,1,4 BHK Apartment,1786 SQ.FT,₹ 12.0 Cr
331815,One Akshar,1,4 BHK Apartment,1884 SQ.FT,₹ 14.24 Cr
331815,One Akshar,1,4 BHK Apartment,1885 SQ.FT,₹ 14.25 Cr
331815,One Akshar,1,4 BHK Apartment,2087 SQ.FT,₹ 15.78 Cr
331815,One Akshar,1,4 BHK Apartment,2088 SQ.FT,₹ 15.79 Cr
331815,One Akshar,1,4 BHK Apartment,2136 SQ.FT,₹ 16.15 Cr
331815,One Akshar,1,4 BHK Apartment,2236 SQ.FT,₹ 16.91 Cr
331815,One Akshar,1,4 BHK Apartment,2237 SQ.FT,₹ 16.91 Cr
331815,One Akshar,1,4 BHK Apartment,2542 SQ.FT,Price on Request
331815,One Akshar,1,4 BHK Apartment,2607 SQ.FT,₹ 19.71 Cr
331815,One Akshar,1,4 BHK Apartment,2608 SQ.FT,₹ 19.72 Cr
331815,One Akshar,1,4 BHK Apartment,2954 SQ.FT,Price on Request
331815,One Akshar,1,4 BHK Apartment,4395 SQ.FT,Price on Request
331815,One Akshar,1,4 BHK Apartment,4825 SQ.FT,Price on Request
331815,One Akshar,1,4 BHK Apartment,4925 SQ.FT,₹ 37.24 Cr
375092,Provident Palmvista,1,"1 BHK Apartment
47 L - 56 L",395 SQ.FT,"₹ 47.0 L
i"
375092,Provident Palmvista,1,"1 BHK Apartment
47 L - 56 L",407 SQ.FT,"₹ 49.0 L
i"
375092,Provident Palmvista,1,"1 BHK Apartment
47 L - 56 L",453 SQ.FT,"₹ 56.0 L
i"
377897,Bhagwati Elysia 1,1,"1 BHK Apartment
45.5 L - 51.98 L",371 SQ.FT,₹ 45.5 L
377897,Bhagwati Elysia 1,1,"1 BHK Apartment
45.5 L - 51.98 L",424 SQ.FT,₹ 51.98 L
377897,Bhagwati Elysia 1,1,"2 BHK Apartment
55.29 L - 76.1 L",563 SQ.FT,₹ 71.39 L
377897,Bhagwati Elysia 1,1,"2 BHK Apartment
55.29 L - 76.1 L",600 SQ.FT,₹ 76.1 L
377897,Bhagwati Elysia 1,1,"2 BHK Apartment
55.29 L - 76.1 L",479 SQ.FT,₹ 55.29 L
377897,Bhagwati Elysia 1,1,"2 BHK Apartment
55.29 L - 76.1 L",495 SQ.FT,₹ 57.11 L
377897,Bhagwati Elysia 1,1,"2 BHK Apartment
55.29 L - 76.1 L",505 SQ.FT,₹ 58.27 L
377897,Bhagwati Elysia 1,1,"2 BHK Apartment
55.29 L - 76.1 L",515 SQ.FT,₹ 59.42 L
377897,Bhagwati Elysia 1,1,"3 BHK Apartment
93.47 L",896 SQ.FT,₹ 93.47 L
388006,Paradise Sai Suncity,1,"1 BHK Apartment
41.61 L - 43.54 L",430 SQ.FT,₹ 41.61 L
388006,Paradise Sai Suncity,1,"1 BHK Apartment
41.61 L - 43.54 L",434 SQ.FT,₹ 42.0 L
388006,Paradise Sai Suncity,1,"1 BHK Apartment
41.61 L - 43.54 L",450 SQ.FT,₹ 43.54 L
388006,Paradise Sai Suncity,1,"2 BHK Apartment
62.47 L - 69.38 L",646 SQ.FT,₹ 62.47 L
388006,Paradise Sai Suncity,1,"2 BHK Apartment
62.47 L - 69.38 L",654 SQ.FT,₹ 63.29 L
388006,Paradise Sai Suncity,1,"2 BHK Apartment
62.47 L - 69.38 L",717 SQ.FT,₹ 69.38 L
405789,Pacific One Pyramid,1,"2 BHK Apartment
1.8 Cr - 2 Cr",1410 SQ.FT,"₹ 1.8 Cr
i"
405789,Pacific One Pyramid,1,"2 BHK Apartment
1.8 Cr - 2 Cr",684 SQ.FT,"₹ 1.9 Cr
i"
405789,Pacific One Pyramid,1,"2 BHK Apartment
1.8 Cr - 2 Cr",758 SQ.FT,"₹ 2 Cr
i"
405789,Pacific One Pyramid,1,"3 BHK Apartment
2.75 Cr - 3.35 Cr",2040 SQ.FT,"₹ 2.75 Cr
i"
405789,Pacific One Pyramid,1,"3 BHK Apartment
2.75 Cr - 3.35 Cr",1033 SQ.FT,"₹ 2.75 Cr
i"
405789,Pacific One Pyramid,1,"3 BHK Apartment
2.75 Cr - 3.35 Cr",1260 SQ.FT,"₹ 3.35 Cr
i"
405663,Satyam Altura,1,"2 BHK Apartment
2.06 Cr - 2.15 Cr",704 SQ.FT,₹ 2.06 Cr
405663,Satyam Altura,1,"2 BHK Apartment
2.06 Cr - 2.15 Cr",734 SQ.FT,₹ 2.15 Cr
405663,Satyam Altura,1,"3 BHK Apartment
3.5 Cr - 3.8 Cr",1194 SQ.FT,₹ 3.5 Cr
405663,Satyam Altura,1,"3 BHK Apartment
3.5 Cr - 3.8 Cr",1297 SQ.FT,₹ 3.8 Cr
374312,Godrej Woods,1,"2 BHK Apartment
1.97 Cr",1053 SQ.FT,₹ 1.97 Cr
374312,Godrej Woods,1,"4 BHK Apartment
6.28 Cr",3360 SQ.FT,₹ 6.28 Cr
374312,Godrej Woods,1,"5 BHK Apartment
7.03 Cr",3760 SQ.FT,₹ 7.03 Cr
330597,Signature Global Park,1,"2 BHK Apartment
62.1 L - 79.17 L",746 SQ.FT,₹ 62.1 L
330597,Signature Global Park,1,"2 BHK Apartment
62.1 L - 79.17 L",823 SQ.FT,₹ 68.51 L
330597,Signature Global Park,1,"2 BHK Apartment
62.1 L - 79.17 L",845 SQ.FT,₹ 70.35 L
330597,Signature Global Park,1,"2 BHK Apartment
62.1 L - 79.17 L",951 SQ.FT,₹ 79.17 L
330597,Signature Global Park,1,"3 BHK Apartment
89.99 L - 1.2 Cr",1081 SQ.FT,₹ 89.99 L
330597,Signature Global Park,1,"3 BHK Apartment
89.99 L - 1.2 Cr",1154 SQ.FT,₹ 96.07 L
330597,Signature Global Park,1,"3 BHK Apartment
89.99 L - 1.2 Cr",1210 SQ.FT,₹ 1.01 Cr
330597,Signature Global Park,1,"3 BHK Apartment
89.99 L - 1.2 Cr",1440 SQ.FT,₹ 1.2 Cr
743,Logix Blossom County,1,"2 BHK Apartment
83.76 L - 1 Cr",900 SQ.FT,₹ 83.76 L
743,Logix Blossom County,1,"2 BHK Apartment
83.76 L - 1 Cr",920 SQ.FT,₹ 85.62 L
743,Logix Blossom County,1,"2 BHK Apartment
83.76 L - 1 Cr",990 SQ.FT,₹ 92.14 L
743,Logix Blossom County,1,"2 BHK Apartment
83.76 L - 1 Cr",1075 SQ.FT,₹ 1.0 Cr
743,Logix Blossom County,1,"2.5 BHK Apartment
1.07 Cr - 1.26 Cr",1145 SQ.FT,₹ 1.07 Cr
743,Logix Blossom County,1,"2.5 BHK Apartment
1.07 Cr - 1.26 Cr",1150 SQ.FT,₹ 1.07 Cr
743,Logix Blossom County,1,"2.5 BHK Apartment
1.07 Cr - 1.26 Cr",1275 SQ.FT,₹ 1.19 Cr
743,Logix Blossom County,1,"2.5 BHK Apartment
1.07 Cr - 1.26 Cr",1350 SQ.FT,₹ 1.26 Cr
743,Logix Blossom County,1,"3 BHK Apartment
1.47 Cr - 1.56 Cr",1575 SQ.FT,₹ 1.47 Cr
743,Logix Blossom County,1,"3 BHK Apartment
1.47 Cr - 1.56 Cr",1675 SQ.FT,₹ 1.56 Cr
743,Logix Blossom County,1,"4 BHK Apartment
1.75 Cr - 2.21 Cr",1875 SQ.FT,₹ 1.75 Cr
743,Logix Blossom County,1,"4 BHK Apartment
1.75 Cr - 2.21 Cr",2375 SQ.FT,₹ 2.21 Cr
378131,M3M Soulitude,1,"2.5 BHK Apartment
1.33 Cr",1105 SQ.FT,₹ 1.33 Cr
378131,M3M Soulitude,1,"3.5 BHK Apartment
1.71 Cr",1423 SQ.FT,₹ 1.71 Cr
405502,VVIP Namah,1,"3 BHK Apartment
1.42 Cr - 1.73 Cr",1635 SQ.FT,₹ 1.42 Cr
405502,VVIP Namah,1,"3 BHK Apartment
1.42 Cr - 1.73 Cr",1650 SQ.FT,₹ 1.44 Cr
405502,VVIP Namah,1,"3 BHK Apartment
1.42 Cr - 1.73 Cr",1985 SQ.FT,₹ 1.73 Cr
405502,VVIP Namah,1,"3.5 BHK Apartment
1.71 Cr - 1.72 Cr",1970 SQ.FT,₹ 1.71 Cr
405502,VVIP Namah,1,"3.5 BHK Apartment
1.71 Cr - 1.72 Cr",1980 SQ.FT,₹ 1.72 Cr
405502,VVIP Namah,1,"4 BHK Apartment
2.7 Cr",3105 SQ.FT,₹ 2.7 Cr
414339,Experion Elements,1,"3 BHK Apartment
5.52 Cr",2975 SQ.FT,₹ 5.52 Cr
414339,Experion Elements,1,"4 BHK Apartment
6.55 Cr",3530 SQ.FT,₹ 6.55 Cr
376075,Wave Veridia Oakwood Enclave,1,"4 BHK Apartment
1.6 Cr",2385 SQ.FT,₹ 1.6 Cr
376075,Wave Veridia Oakwood Enclave,1,"5 BHK Duplex
2.6 Cr",4089 SQ.FT,₹ 2.6 Cr
404772,Central Park The Orchard,1,3 BHK Apartment,1340 SQ.FT,Price on Request
404772,Central Park The Orchard,1,3 BHK Apartment,1351 SQ.FT,Price on Request
404772,Central Park The Orchard,1,3 BHK Apartment,1455 SQ.FT,Price on Request
404772,Central Park The Orchard,1,3 BHK Apartment,2098 SQ.FT,Price on Request
404772,Central Park The Orchard,1,3 BHK Apartment,2129 SQ.FT,₹ 4.0 Cr
404772,Central Park The Orchard,1,3 BHK Apartment,2327 SQ.FT,Price on Request
404772,Central Park The Orchard,1,4 BHK Apartment,2671 SQ.FT,Price on Request
404772,Central Park The Orchard,1,4 BHK Apartment,4150 SQ.FT,Price on Request
390137,Tulip Monsella,1,"3 BHK Apartment
7.47 Cr - 7.52 Cr",2874 SQ.FT,₹ 7.47 Cr
390137,Tulip Monsella,1,"3 BHK Apartment
7.47 Cr - 7.52 Cr",2892 SQ.FT,₹ 7.52 Cr
390137,Tulip Monsella,1,"4 BHK Apartment
9.58 Cr",3684 SQ.FT,₹ 9.58 Cr
390137,Tulip Monsella,1,"5 BHK Apartment
11.71 Cr",4503 SQ.FT,₹ 11.71 Cr
403842,Adani Samsara Avasa,1,"4 BHK Apartment
4.36 Cr - 8.38 Cr",1361 SQ.FT,₹ 4.36 Cr
403842,Adani Samsara Avasa,1,"4 BHK Apartment
4.36 Cr - 8.38 Cr",1367 SQ.FT,₹ 4.37 Cr
403842,Adani Samsara Avasa,1,"4 BHK Apartment
4.36 Cr - 8.38 Cr",1421 SQ.FT,₹ 4.55 Cr
403842,Adani Samsara Avasa,1,"4 BHK Apartment
4.36 Cr - 8.38 Cr",1476 SQ.FT,₹ 4.72 Cr
403842,Adani Samsara Avasa,1,"4 BHK Apartment
4.36 Cr - 8.38 Cr",1484 SQ.FT,₹ 4.75 Cr
403842,Adani Samsara Avasa,1,"4 BHK Apartment
4.36 Cr - 8.38 Cr",1519 SQ.FT,₹ 4.86 Cr
403842,Adani Samsara Avasa,1,"4 BHK Apartment
4.36 Cr - 8.38 Cr",1664 SQ.FT,₹ 5.32 Cr
403842,Adani Samsara Avasa,1,"4 BHK Apartment
4.36 Cr - 8.38 Cr",1814 SQ.FT,₹ 5.8 Cr
403842,Adani Samsara Avasa,1,"4 BHK Apartment
4.36 Cr - 8.38 Cr",1820 SQ.FT,₹ 5.82 Cr
403842,Adani Samsara Avasa,1,"4 BHK Apartment
4.36 Cr - 8.38 Cr",2089 SQ.FT,₹ 6.68 Cr
403842,Adani Samsara Avasa,1,"4 BHK Apartment
4.36 Cr - 8.38 Cr",2620 SQ.FT,₹ 8.38 Cr
319819,Shapoorji Pallonji Joyville Gurugram,1,"2 BHK Apartment
1.5 Cr - 2 Cr",915 SQ.FT,"₹ 1.5 Cr
i"
319819,Shapoorji Pallonji Joyville Gurugram,1,"2 BHK Apartment
1.5 Cr - 2 Cr",1215 SQ.FT,"₹ 1.8 Cr
i"
319819,Shapoorji Pallonji Joyville Gurugram,1,"2 BHK Apartment
1.5 Cr - 2 Cr",1368 SQ.FT,"₹ 2 Cr
i"
319819,Shapoorji Pallonji Joyville Gurugram,1,"3 BHK Apartment
2.5 Cr - 2.55 Cr",1692 SQ.FT,"₹ 2.5 Cr
i"
319819,Shapoorji Pallonji Joyville Gurugram,1,"3 BHK Apartment
2.5 Cr - 2.55 Cr",1852 SQ.FT,"₹ 2.55 Cr
i"
319819,Shapoorji Pallonji Joyville Gurugram,1,"4 BHK Apartment
3.1 Cr - 3.25 Cr",2162 SQ.FT,"₹ 3.1 Cr
i"
319819,Shapoorji Pallonji Joyville Gurugram,1,"4 BHK Apartment
3.1 Cr - 3.25 Cr",2180 SQ.FT,"₹ 3.25 Cr
i"
403945,Irish Platinum,1,"3 BHK Apartment
1.32 Cr - 1.83 Cr",1390 SQ.FT,₹ 1.32 Cr
403945,Irish Platinum,1,"3 BHK Apartment
1.32 Cr - 1.83 Cr",1690 SQ.FT,₹ 1.61 Cr
403945,Irish Platinum,1,"3 BHK Apartment
1.32 Cr - 1.83 Cr",1925 SQ.FT,₹ 1.83 Cr
403945,Irish Platinum,1,"4 BHK Apartment
2.05 Cr - 2.43 Cr",2150 SQ.FT,₹ 2.05 Cr
403945,Irish Platinum,1,"4 BHK Apartment
2.05 Cr - 2.43 Cr",2550 SQ.FT,₹ 2.43 Cr
405529,Navraj The Antalyas,1,"3 BHK Apartment
2.59 Cr - 2.94 Cr",2071 SQ.FT,₹ 2.59 Cr
405529,Navraj The Antalyas,1,"3 BHK Apartment
2.59 Cr - 2.94 Cr",2250 SQ.FT,₹ 2.81 Cr
405529,Navraj The Antalyas,1,"3 BHK Apartment
2.59 Cr - 2.94 Cr",2350 SQ.FT,₹ 2.94 Cr
405529,Navraj The Antalyas,1,"4 BHK Apartment
2.99 Cr - 3.19 Cr",2390 SQ.FT,₹ 2.99 Cr
405529,Navraj The Antalyas,1,"4 BHK Apartment
2.99 Cr - 3.19 Cr",2550 SQ.FT,₹ 3.19 Cr
405529,Navraj The Antalyas,1,"4 BHK Apartment
2.99 Cr - 3.19 Cr",2553 SQ.FT,₹ 3.19 Cr
402610,M3M Antalya Hills,1,"2 BHK Apartment
1.67 Cr",1235 SQ.FT,₹ 1.67 Cr
402610,M3M Antalya Hills,1,"2.5 BHK Apartment
1.54 Cr",1138 SQ.FT,₹ 1.54 Cr
402610,M3M Antalya Hills,1,"3 BHK Apartment
2.07 Cr",1534 SQ.FT,₹ 2.07 Cr
402610,M3M Antalya Hills,1,"3.5 BHK Apartment
2.05 Cr",1518 SQ.FT,₹ 2.05 Cr
7662,Paramount Golfforeste,1,"2.5 BHK Villa
1.48 Cr",1650 SQ.FT,₹ 1.48 Cr
7662,Paramount Golfforeste,1,"3 BHK Villa
1.3 Cr - 1.99 Cr",1450 SQ.FT,₹ 1.3 Cr
7662,Paramount Golfforeste,1,"3 BHK Villa
1.3 Cr - 1.99 Cr",1507 SQ.FT,₹ 1.35 Cr
7662,Paramount Golfforeste,1,"3 BHK Villa
1.3 Cr - 1.99 Cr",1650 SQ.FT,₹ 1.48 Cr
7662,Paramount Golfforeste,1,"3 BHK Villa
1.3 Cr - 1.99 Cr",1742 SQ.FT,₹ 1.56 Cr
7662,Paramount Golfforeste,1,"3 BHK Villa
1.3 Cr - 1.99 Cr",2185 SQ.FT,₹ 1.96 Cr
7662,Paramount Golfforeste,1,"3 BHK Villa
1.3 Cr - 1.99 Cr",2220 SQ.FT,₹ 1.99 Cr
7662,Paramount Golfforeste,1,"3.5 BHK Villa
1.23 Cr",1370 SQ.FT,₹ 1.23 Cr
7662,Paramount Golfforeste,1,"4 BHK Villa
2.19 Cr - 2.69 Cr",2452 SQ.FT,₹ 2.19 Cr
7662,Paramount Golfforeste,1,"4 BHK Villa
2.19 Cr - 2.69 Cr",2485 SQ.FT,₹ 2.22 Cr
7662,Paramount Golfforeste,1,"4 BHK Villa
2.19 Cr - 2.69 Cr",3008 SQ.FT,₹ 2.69 Cr
419936,Godrej Aristocrat,1,"3 BHK Apartment
4.38 Cr - 6.37 Cr",968 SQ.FT,₹ 4.38 Cr
419936,Godrej Aristocrat,1,"3 BHK Apartment
4.38 Cr - 6.37 Cr",1002 SQ.FT,₹ 4.53 Cr
419936,Godrej Aristocrat,1,"3 BHK Apartment
4.38 Cr - 6.37 Cr",1091 SQ.FT,₹ 4.94 Cr
419936,Godrej Aristocrat,1,"3 BHK Apartment
4.38 Cr - 6.37 Cr",1109 SQ.FT,₹ 5.02 Cr
419936,Godrej Aristocrat,1,"3 BHK Apartment
4.38 Cr - 6.37 Cr",1110 SQ.FT,₹ 5.02 Cr
419936,Godrej Aristocrat,1,"3 BHK Apartment
4.38 Cr - 6.37 Cr",1408 SQ.FT,₹ 6.37 Cr
419936,Godrej Aristocrat,1,"4 BHK Apartment
6.65 Cr - 7.93 Cr",1469 SQ.FT,₹ 6.65 Cr
419936,Godrej Aristocrat,1,"4 BHK Apartment
6.65 Cr - 7.93 Cr",1731 SQ.FT,₹ 7.84 Cr
419936,Godrej Aristocrat,1,"4 BHK Apartment
6.65 Cr - 7.93 Cr",1751 SQ.FT,₹ 7.93 Cr
370562,T and T Eutopia,1,"3 BHK Apartment
2.19 Cr - 2.39 Cr",1179 SQ.FT,₹ 2.19 Cr
370562,T and T Eutopia,1,"3 BHK Apartment
2.19 Cr - 2.39 Cr",1273 SQ.FT,₹ 2.39 Cr
370562,T and T Eutopia,1,"4 BHK Apartment
2.3 Cr - 2.65 Cr",1367 SQ.FT,₹ 2.3 Cr
370562,T and T Eutopia,1,"4 BHK Apartment
2.3 Cr - 2.65 Cr",1337 SQ.FT,₹ 2.39 Cr
370562,T and T Eutopia,1,"4 BHK Apartment
2.3 Cr - 2.65 Cr",1448 SQ.FT,₹ 2.65 Cr
427191,Ganga Anantam,1,"3 BHK Apartment
3.31 Cr - 3.59 Cr",2051 SQ.FT,₹ 3.31 Cr
427191,Ganga Anantam,1,"3 BHK Apartment
3.31 Cr - 3.59 Cr",2392 SQ.FT,₹ 3.59 Cr
427191,Ganga Anantam,1,"4 BHK Apartment
4.65 Cr",3101 SQ.FT,₹ 4.65 Cr
427906,Sobha Altus,1,"Studio Apartment
1.74 Cr - 1.93 Cr",678 SQ.FT,"₹ 1.74 Cr
i"
427906,Sobha Altus,1,"Studio Apartment
1.74 Cr - 1.93 Cr",735 SQ.FT,"₹ 1.88 Cr
i"
427906,Sobha Altus,1,"Studio Apartment
1.74 Cr - 1.93 Cr",755 SQ.FT,"₹ 1.93 Cr
i"
427906,Sobha Altus,1,"3 BHK Apartment
7.8 Cr - 9.06 Cr",3045 SQ.FT,"₹ 7.8 Cr
i"
427906,Sobha Altus,1,"3 BHK Apartment
7.8 Cr - 9.06 Cr",3138 SQ.FT,"₹ 8.04 Cr
i"
427906,Sobha Altus,1,"3 BHK Apartment
7.8 Cr - 9.06 Cr",3231 SQ.FT,"₹ 8.27 Cr
i"
427906,Sobha Altus,1,"3 BHK Apartment
7.8 Cr - 9.06 Cr",3299 SQ.FT,"₹ 8.45 Cr
i"
427906,Sobha Altus,1,"3 BHK Apartment
7.8 Cr - 9.06 Cr",3537 SQ.FT,"₹ 9.06 Cr
i"
427906,Sobha Altus,1,"4 BHK Apartment
7.35 Cr - 10.45 Cr",2870 SQ.FT,"₹ 7.35 Cr
i"
427906,Sobha Altus,1,"4 BHK Apartment
7.35 Cr - 10.45 Cr",3340 SQ.FT,"₹ 8.56 Cr
i"
427906,Sobha Altus,1,"4 BHK Apartment
7.35 Cr - 10.45 Cr",3915 SQ.FT,"₹ 10.02 Cr
i"
427906,Sobha Altus,1,"4 BHK Apartment
7.35 Cr - 10.45 Cr",4009 SQ.FT,"₹ 10.27 Cr
i"
427906,Sobha Altus,1,"4 BHK Apartment
7.35 Cr - 10.45 Cr",4078 SQ.FT,"₹ 10.45 Cr
i"
352441,Ramprastha Imperial Heights Phase 1,1,"3 BHK Apartment
1.6 Cr - 1.9 Cr",1495 SQ.FT,₹ 1.6 Cr
352441,Ramprastha Imperial Heights Phase 1,1,"3 BHK Apartment
1.6 Cr - 1.9 Cr",1715 SQ.FT,₹ 1.84 Cr
352441,Ramprastha Imperial Heights Phase 1,1,"3 BHK Apartment
1.6 Cr - 1.9 Cr",1780 SQ.FT,₹ 1.9 Cr
352441,Ramprastha Imperial Heights Phase 1,1,"4 BHK Apartment
2.59 Cr",2420 SQ.FT,₹ 2.59 Cr
6136,DLF The Skycourt,1,"3 BHK Apartment
2.25 Cr - 2.36 Cr",1846 SQ.FT,"₹ 2.25 Cr
i"
6136,DLF The Skycourt,1,"3 BHK Apartment
2.25 Cr - 2.36 Cr",1848 SQ.FT,"₹ 2.25 Cr
i"
6136,DLF The Skycourt,1,"3 BHK Apartment
2.25 Cr - 2.36 Cr",1862 SQ.FT,"₹ 2.27 Cr
i"
6136,DLF The Skycourt,1,"3 BHK Apartment
2.25 Cr - 2.36 Cr",1867 SQ.FT,"₹ 2.28 Cr
i"
6136,DLF The Skycourt,1,"3 BHK Apartment
2.25 Cr - 2.36 Cr",1900 SQ.FT,"₹ 2.32 Cr
i"
6136,DLF The Skycourt,1,"3 BHK Apartment
2.25 Cr - 2.36 Cr",1920 SQ.FT,"₹ 2.34 Cr
i"
6136,DLF The Skycourt,1,"3 BHK Apartment
2.25 Cr - 2.36 Cr",1923 SQ.FT,"₹ 2.35 Cr
i"
6136,DLF The Skycourt,1,"3 BHK Apartment
2.25 Cr - 2.36 Cr",1929 SQ.FT,"₹ 2.35 Cr
i"
6136,DLF The Skycourt,1,"3 BHK Apartment
2.25 Cr - 2.36 Cr",1930 SQ.FT,"₹ 2.35 Cr
i"
6136,DLF The Skycourt,1,"3 BHK Apartment
2.25 Cr - 2.36 Cr",1935 SQ.FT,"₹ 2.36 Cr
i"
10412,Purvanchal Royal City,1,"3 BHK Apartment
2.11 Cr - 2.43 Cr",1107 SQ.FT,"₹ 2.11 Cr
i"
10412,Purvanchal Royal City,1,"3 BHK Apartment
2.11 Cr - 2.43 Cr",1117 SQ.FT,"₹ 2.13 Cr
i"
10412,Purvanchal Royal City,1,"3 BHK Apartment
2.11 Cr - 2.43 Cr",1272 SQ.FT,"₹ 2.43 Cr
i"
2718,DLF Regal Gardens,1,2 BHK Apartment,1469 SQ.FT,"Price on Request
i"
2718,DLF Regal Gardens,1,"3 BHK Apartment
2.07 Cr - 2.4 Cr",1702 SQ.FT,"₹ 2.07 Cr
i"
2718,DLF Regal Gardens,1,"3 BHK Apartment
2.07 Cr - 2.4 Cr",1703 SQ.FT,"₹ 2.08 Cr
i"
2718,DLF Regal Gardens,1,"3 BHK Apartment
2.07 Cr - 2.4 Cr",1713 SQ.FT,"₹ 2.09 Cr
i"
2718,DLF Regal Gardens,1,"3 BHK Apartment
2.07 Cr - 2.4 Cr",1719 SQ.FT,"₹ 2.1 Cr
i"
2718,DLF Regal Gardens,1,"3 BHK Apartment
2.07 Cr - 2.4 Cr",1720 SQ.FT,"₹ 2.1 Cr
i"
2718,DLF Regal Gardens,1,"3 BHK Apartment
2.07 Cr - 2.4 Cr",1721 SQ.FT,"₹ 2.1 Cr
i"
2718,DLF Regal Gardens,1,"3 BHK Apartment
2.07 Cr - 2.4 Cr",1726 SQ.FT,"₹ 2.1 Cr
i"
2718,DLF Regal Gardens,1,"3 BHK Apartment
2.07 Cr - 2.4 Cr",1728 SQ.FT,"₹ 2.11 Cr
i"
2718,DLF Regal Gardens,1,"3 BHK Apartment
2.07 Cr - 2.4 Cr",1730 SQ.FT,"₹ 2.11 Cr
i"
2718,DLF Regal Gardens,1,"3 BHK Apartment
2.07 Cr - 2.4 Cr",1737 SQ.FT,"₹ 2.12 Cr
i"
2718,DLF Regal Gardens,1,"3 BHK Apartment
2.07 Cr - 2.4 Cr",1744 SQ.FT,"₹ 2.13 Cr
i"
2718,DLF Regal Gardens,1,"3 BHK Apartment
2.07 Cr - 2.4 Cr",1752 SQ.FT,"₹ 2.14 Cr
i"
2718,DLF Regal Gardens,1,"3 BHK Apartment
2.07 Cr - 2.4 Cr",1755 SQ.FT,"₹ 2.14 Cr
i"
2718,DLF Regal Gardens,1,"3 BHK Apartment
2.07 Cr - 2.4 Cr",1760 SQ.FT,"₹ 2.15 Cr
i"
2718,DLF Regal Gardens,1,"3 BHK Apartment
2.07 Cr - 2.4 Cr",1778 SQ.FT,"₹ 2.17 Cr
i"
2718,DLF Regal Gardens,1,"3 BHK Apartment
2.07 Cr - 2.4 Cr",1818 SQ.FT,"₹ 2.22 Cr
i"
2718,DLF Regal Gardens,1,"3 BHK Apartment
2.07 Cr - 2.4 Cr",1967 SQ.FT,"₹ 2.4 Cr
i"
2718,DLF Regal Gardens,1,"4 BHK Apartment
2.7 Cr - 2.71 Cr",2215 SQ.FT,"₹ 2.7 Cr
i"
2718,DLF Regal Gardens,1,"4 BHK Apartment
2.7 Cr - 2.71 Cr",2223 SQ.FT,"₹ 2.71 Cr
i"
2718,DLF Regal Gardens,1,"4 BHK Apartment
2.7 Cr - 2.71 Cr",2225 SQ.FT,"₹ 2.71 Cr
i"
376177,DLF Garden City Floors,1,"4 BHK Apartment
2.09 Cr - 2.34 Cr",1968 SQ.FT,₹ 2.09 Cr
376177,DLF Garden City Floors,1,"4 BHK Apartment
2.09 Cr - 2.34 Cr",2200 SQ.FT,₹ 2.34 Cr
26134,BPTP Amstoria,1,"3 BHK Builder Floor
2.1 Cr - 3.25 Cr",216.44 SQ.YD,"₹ 2.1 Cr
i"
26134,BPTP Amstoria,1,"3 BHK Builder Floor
2.1 Cr - 3.25 Cr",322.89 SQ.YD,"₹ 2.5 Cr
i"
26134,BPTP Amstoria,1,"3 BHK Builder Floor
2.1 Cr - 3.25 Cr",362.33 SQ.YD,"₹ 3.25 Cr
i"
26134,BPTP Amstoria,1,"4 BHK Builder Floor
4.5 Cr",592 SQ.YD,"₹ 4.5 Cr
i"
5456,Puri Emerald Bay,1,"2 BHK Apartment
2 Cr",1550 SQ.FT,"₹ 2 Cr
i"
5456,Puri Emerald Bay,1,"2.5 BHK Apartment
2.3 Cr",1700 SQ.FT,"₹ 2.3 Cr
i"
5456,Puri Emerald Bay,1,"3 BHK Apartment
3.85 Cr",2450 SQ.FT,"₹ 3.85 Cr
i"
146207,Saan Verdante,1,"3 BHK Apartment
3.24 Cr - 5.04 Cr",1965 SQ.FT,₹ 3.24 Cr
146207,Saan Verdante,1,"3 BHK Apartment
3.24 Cr - 5.04 Cr",2440 SQ.FT,₹ 4.03 Cr
146207,Saan Verdante,1,"3 BHK Apartment
3.24 Cr - 5.04 Cr",2475 SQ.FT,₹ 4.08 Cr
146207,Saan Verdante,1,"3 BHK Apartment
3.24 Cr - 5.04 Cr",2542 SQ.FT,₹ 4.19 Cr
146207,Saan Verdante,1,"3 BHK Apartment
3.24 Cr - 5.04 Cr",2675 SQ.FT,₹ 4.41 Cr
146207,Saan Verdante,1,"3 BHK Apartment
3.24 Cr - 5.04 Cr",2826 SQ.FT,₹ 4.66 Cr
146207,Saan Verdante,1,"3 BHK Apartment
3.24 Cr - 5.04 Cr",2904 SQ.FT,₹ 4.79 Cr
146207,Saan Verdante,1,"3 BHK Apartment
3.24 Cr - 5.04 Cr",2990 SQ.FT,₹ 4.93 Cr
146207,Saan Verdante,1,"3 BHK Apartment
3.24 Cr - 5.04 Cr",3028 SQ.FT,₹ 5.0 Cr
146207,Saan Verdante,1,"3 BHK Apartment
3.24 Cr - 5.04 Cr",3054 SQ.FT,₹ 5.04 Cr
146207,Saan Verdante,1,"4 BHK Apartment
5.05 Cr - 6.6 Cr",3062 SQ.FT,₹ 5.05 Cr
146207,Saan Verdante,1,"4 BHK Apartment
5.05 Cr - 6.6 Cr",3213 SQ.FT,₹ 5.3 Cr
146207,Saan Verdante,1,"4 BHK Apartment
5.05 Cr - 6.6 Cr",3352 SQ.FT,₹ 5.53 Cr
146207,Saan Verdante,1,"4 BHK Apartment
5.05 Cr - 6.6 Cr",3456 SQ.FT,₹ 5.7 Cr
146207,Saan Verdante,1,"4 BHK Apartment
5.05 Cr - 6.6 Cr",3502 SQ.FT,₹ 5.78 Cr
146207,Saan Verdante,1,"4 BHK Apartment
5.05 Cr - 6.6 Cr",3607 SQ.FT,₹ 5.95 Cr
146207,Saan Verdante,1,"4 BHK Apartment
5.05 Cr - 6.6 Cr",4000 SQ.FT,₹ 6.6 Cr
396809,Ashiana Amarah,1,"3 BHK Apartment
2.14 Cr - 2.58 Cr",1000 SQ.FT,₹ 2.14 Cr
396809,Ashiana Amarah,1,"3 BHK Apartment
2.14 Cr - 2.58 Cr",1205 SQ.FT,₹ 2.58 Cr
396809,Ashiana Amarah,1,"4 BHK Apartment
3.01 Cr",1408 SQ.FT,₹ 3.01 Cr
433641,Wave Eden,1,"3 BHK Apartment
1.4 Cr - 1.41 Cr",1384 SQ.FT,₹ 1.4 Cr
433641,Wave Eden,1,"3 BHK Apartment
1.4 Cr - 1.41 Cr",1418 SQ.FT,₹ 1.41 Cr
421404,SG Vista,1,"3 BHK Apartment
1.43 Cr - 1.54 Cr",2000 SQ.FT,"₹ 1.43 Cr
i"
421404,SG Vista,1,"3 BHK Apartment
1.43 Cr - 1.54 Cr",2095 SQ.FT,"₹ 1.54 Cr
i"
421404,SG Vista,1,"4 BHK Apartment
1.88 Cr - 2.14 Cr",2650 SQ.FT,"₹ 1.88 Cr
i"
421404,SG Vista,1,"4 BHK Apartment
1.88 Cr - 2.14 Cr",2895 SQ.FT,"₹ 2.14 Cr
i"
136575,Ashiana Anmol,1,"2 BHK Apartment
72.95 L - 1.43 Cr",780 SQ.FT,₹ 72.95 L
136575,Ashiana Anmol,1,"2 BHK Apartment
72.95 L - 1.43 Cr",1205 SQ.FT,₹ 1.13 Cr
136575,Ashiana Anmol,1,"2 BHK Apartment
72.95 L - 1.43 Cr",1275 SQ.FT,₹ 1.19 Cr
136575,Ashiana Anmol,1,"2 BHK Apartment
72.95 L - 1.43 Cr",1527 SQ.FT,₹ 1.43 Cr
136575,Ashiana Anmol,1,"3 BHK Apartment
1.1 Cr - 1.83 Cr",1180 SQ.FT,₹ 1.1 Cr
136575,Ashiana Anmol,1,"3 BHK Apartment
1.1 Cr - 1.83 Cr",1262 SQ.FT,₹ 1.18 Cr
136575,Ashiana Anmol,1,"3 BHK Apartment
1.1 Cr - 1.83 Cr",1720 SQ.FT,₹ 1.61 Cr
136575,Ashiana Anmol,1,"3 BHK Apartment
1.1 Cr - 1.83 Cr",1776 SQ.FT,₹ 1.66 Cr
136575,Ashiana Anmol,1,"3 BHK Apartment
1.1 Cr - 1.83 Cr",1884 SQ.FT,₹ 1.76 Cr
136575,Ashiana Anmol,1,"3 BHK Apartment
1.1 Cr - 1.83 Cr",1960 SQ.FT,₹ 1.83 Cr
423388,Puri Diplomatic Residences,1,"3 BHK Apartment
3.96 Cr - 4.13 Cr",2282 SQ.FT,₹ 3.96 Cr
423388,Puri Diplomatic Residences,1,"3 BHK Apartment
3.96 Cr - 4.13 Cr",2380 SQ.FT,₹ 4.13 Cr
423388,Puri Diplomatic Residences,1,"4 BHK Apartment
4.23 Cr",2440 SQ.FT,₹ 4.23 Cr
423473,Anant Raj The Estate Residences,1,"4 BHK Apartment
6.68 Cr - 8.46 Cr",2042 SQ.FT,"₹ 6.68 Cr
i"
423473,Anant Raj The Estate Residences,1,"4 BHK Apartment
6.68 Cr - 8.46 Cr",2073 SQ.FT,"₹ 6.78 Cr
i"
423473,Anant Raj The Estate Residences,1,"4 BHK Apartment
6.68 Cr - 8.46 Cr",2586 SQ.FT,"₹ 8.46 Cr
i"
265503,La Vida by Tata Housing,1,"2 BHK Apartment
2.05 Cr - 2.05 Cr",1276 SQ.FT,₹ 2.05 Cr
265503,La Vida by Tata Housing,1,"2 BHK Apartment
2.05 Cr - 2.05 Cr",1330 SQ.FT,₹ 2.05 Cr
265503,La Vida by Tata Housing,1,"2.5 BHK Apartment
2.3 Cr",1573 SQ.FT,₹ 2.3 Cr
265503,La Vida by Tata Housing,1,"3 BHK Apartment
2.3 Cr - 3.15 Cr",1579 SQ.FT,₹ 2.3 Cr
265503,La Vida by Tata Housing,1,"3 BHK Apartment
2.3 Cr - 3.15 Cr",2217 SQ.FT,₹ 3.15 Cr
265503,La Vida by Tata Housing,1,"4 BHK Apartment
3.32 Cr - 3.5 Cr",2579 SQ.FT,₹ 3.32 Cr
265503,La Vida by Tata Housing,1,"4 BHK Apartment
3.32 Cr - 3.5 Cr",2691 SQ.FT,₹ 3.5 Cr
302889,HomeKraft Happy Trails,1,"2 BHK Apartment
1.16 Cr - 1.99 Cr",680 SQ.FT,₹ 1.16 Cr
302889,HomeKraft Happy Trails,1,"2 BHK Apartment
1.16 Cr - 1.99 Cr",1165 SQ.FT,₹ 1.99 Cr
302889,HomeKraft Happy Trails,1,"3 BHK Apartment
1.23 Cr - 2.78 Cr",720 SQ.FT,₹ 1.23 Cr
302889,HomeKraft Happy Trails,1,"3 BHK Apartment
1.23 Cr - 2.78 Cr",890 SQ.FT,₹ 1.52 Cr
302889,HomeKraft Happy Trails,1,"3 BHK Apartment
1.23 Cr - 2.78 Cr",930 SQ.FT,₹ 1.59 Cr
302889,HomeKraft Happy Trails,1,"3 BHK Apartment
1.23 Cr - 2.78 Cr",1010 SQ.FT,₹ 1.73 Cr
302889,HomeKraft Happy Trails,1,"3 BHK Apartment
1.23 Cr - 2.78 Cr",1210 SQ.FT,₹ 2.07 Cr
302889,HomeKraft Happy Trails,1,"3 BHK Apartment
1.23 Cr - 2.78 Cr",1385 SQ.FT,₹ 2.37 Cr
302889,HomeKraft Happy Trails,1,"3 BHK Apartment
1.23 Cr - 2.78 Cr",1625 SQ.FT,₹ 2.78 Cr
123483,ACE Divino,1,"2 BHK Apartment
100 L - 1.43 Cr",995 SQ.FT,₹ 1.0 Cr
123483,ACE Divino,1,"2 BHK Apartment
100 L - 1.43 Cr",1050 SQ.FT,₹ 1.06 Cr
123483,ACE Divino,1,"2 BHK Apartment
100 L - 1.43 Cr",1420 SQ.FT,₹ 1.43 Cr
123483,ACE Divino,1,"2.5 BHK Apartment
1.25 Cr",1245 SQ.FT,₹ 1.25 Cr
123483,ACE Divino,1,"3 BHK Apartment
1.43 Cr - 1.57 Cr",1425 SQ.FT,₹ 1.43 Cr
123483,ACE Divino,1,"3 BHK Apartment
1.43 Cr - 1.57 Cr",1540 SQ.FT,₹ 1.55 Cr
123483,ACE Divino,1,"3 BHK Apartment
1.43 Cr - 1.57 Cr",1565 SQ.FT,₹ 1.57 Cr
123483,ACE Divino,1,"4 BHK Penthouse
1.76 Cr - 2.93 Cr",1750 SQ.FT,₹ 1.76 Cr
123483,ACE Divino,1,"4 BHK Penthouse
1.76 Cr - 2.93 Cr",1850 SQ.FT,₹ 1.86 Cr
123483,ACE Divino,1,"4 BHK Penthouse
1.76 Cr - 2.93 Cr",2315 SQ.FT,₹ 2.33 Cr
123483,ACE Divino,1,"4 BHK Penthouse
1.76 Cr - 2.93 Cr",2790 SQ.FT,₹ 2.93 Cr
123483,ACE Divino,1,"4 BHK Apartment
1.88 Cr",1875 SQ.FT,₹ 1.88 Cr
5832,Nirala Estate,1,"2 BHK Apartment
97.94 L",995 SQ.FT,₹ 97.94 L
5832,Nirala Estate,1,"2.5 BHK Apartment
94 L - 1.06 Cr",955 SQ.FT,₹ 94.0 L
5832,Nirala Estate,1,"2.5 BHK Apartment
94 L - 1.06 Cr",1080 SQ.FT,₹ 1.06 Cr
5832,Nirala Estate,1,"3 BHK Apartment
1.21 Cr - 2.1 Cr",1225 SQ.FT,₹ 1.21 Cr
5832,Nirala Estate,1,"3 BHK Apartment
1.21 Cr - 2.1 Cr",1245 SQ.FT,₹ 1.23 Cr
5832,Nirala Estate,1,"3 BHK Apartment
1.21 Cr - 2.1 Cr",1335 SQ.FT,₹ 1.31 Cr
5832,Nirala Estate,1,"3 BHK Apartment
1.21 Cr - 2.1 Cr",1250 SQ.FT,₹ 1.38 Cr
5832,Nirala Estate,1,"3 BHK Apartment
1.21 Cr - 2.1 Cr",1440 SQ.FT,₹ 1.42 Cr
5832,Nirala Estate,1,"3 BHK Apartment
1.21 Cr - 2.1 Cr",1385 SQ.FT,₹ 1.51 Cr
5832,Nirala Estate,1,"3 BHK Apartment
1.21 Cr - 2.1 Cr",1535 SQ.FT,₹ 1.71 Cr
5832,Nirala Estate,1,"3 BHK Apartment
1.21 Cr - 2.1 Cr",1645 SQ.FT,₹ 1.82 Cr
5832,Nirala Estate,1,"3 BHK Apartment
1.21 Cr - 2.1 Cr",1897 SQ.FT,₹ 2.1 Cr
5832,Nirala Estate,1,"3.5 BHK Apartment
1.72 Cr - 1.73 Cr",1745 SQ.FT,₹ 1.72 Cr
5832,Nirala Estate,1,"3.5 BHK Apartment
1.72 Cr - 1.73 Cr",1760 SQ.FT,₹ 1.73 Cr
5832,Nirala Estate,1,"4.5 BHK Apartment
2.28 Cr",2320 SQ.FT,₹ 2.28 Cr
12900,Fusion Homes,1,"2 BHK Apartment
72.69 L - 1.01 Cr",888 SQ.FT,"₹ 72.69 L
i"
12900,Fusion Homes,1,"2 BHK Apartment
72.69 L - 1.01 Cr",925 SQ.FT,"₹ 75.72 L
i"
12900,Fusion Homes,1,"2 BHK Apartment
72.69 L - 1.01 Cr",1010 SQ.FT,"₹ 82.68 L
i"
12900,Fusion Homes,1,"2 BHK Apartment
72.69 L - 1.01 Cr",1035 SQ.FT,"₹ 84.73 L
i"
12900,Fusion Homes,1,"2 BHK Apartment
72.69 L - 1.01 Cr",1050 SQ.FT,"₹ 85.95 L
i"
12900,Fusion Homes,1,"2 BHK Apartment
72.69 L - 1.01 Cr",1155 SQ.FT,"₹ 94.55 L
i"
12900,Fusion Homes,1,"2 BHK Apartment
72.69 L - 1.01 Cr",1170 SQ.FT,"₹ 95.78 L
i"
12900,Fusion Homes,1,"2 BHK Apartment
72.69 L - 1.01 Cr",1230 SQ.FT,"₹ 1.01 Cr
i"
12900,Fusion Homes,1,"2.5 BHK Apartment
92.5 L",1130 SQ.FT,"₹ 92.5 L
i"
12900,Fusion Homes,1,3 BHK Apartment,1400 SQ.FT,"₹ 1.15 Cr
i"
12900,Fusion Homes,1,3 BHK Apartment,1430 SQ.FT,"₹ 1.17 Cr
i"
12900,Fusion Homes,1,3 BHK Apartment,1440 SQ.FT,"₹ 1.18 Cr
i"
12900,Fusion Homes,1,3 BHK Apartment,1600 SQ.FT,"₹ 1.31 Cr
i"
12900,Fusion Homes,1,3 BHK Apartment,1635 SQ.FT,"₹ 1.34 Cr
i"
12900,Fusion Homes,1,3 BHK Apartment,1645 SQ.FT,"₹ 1.35 Cr
i"
12900,Fusion Homes,1,3 BHK Apartment,1810 SQ.FT,"₹ 1.48 Cr
i"
12900,Fusion Homes,1,3 BHK Apartment,1935 SQ.FT,"Price on Request
i"
12900,Fusion Homes,1,3 BHK Apartment,1980 SQ.FT,"₹ 1.62 Cr
i"
12900,Fusion Homes,1,"4 BHK Apartment
1.63 Cr - 1.78 Cr",1995 SQ.FT,"₹ 1.63 Cr
i"
12900,Fusion Homes,1,"4 BHK Apartment
1.63 Cr - 1.78 Cr",2160 SQ.FT,"₹ 1.77 Cr
i"
12900,Fusion Homes,1,"4 BHK Apartment
1.63 Cr - 1.78 Cr",2175 SQ.FT,"₹ 1.78 Cr
i"
12900,Fusion Homes,1,"4.5 BHK Apartment
1.73 Cr",2115 SQ.FT,"₹ 1.73 Cr
i"
422426,Godrej Zenith,1,2 BHK Apartment,636 SQ.FT,Price on Request
422426,Godrej Zenith,1,3 BHK Apartment,977 SQ.FT,Price on Request
422426,Godrej Zenith,1,"3.5 BHK Apartment
2.35 Cr",1383 SQ.FT,₹ 2.35 Cr
422426,Godrej Zenith,1,4 BHK Apartment,1464 SQ.FT,₹ 2.49 Cr
422426,Godrej Zenith,1,4 BHK Apartment,1726 SQ.FT,₹ 2.93 Cr
422426,Godrej Zenith,1,4 BHK Apartment,1773 SQ.FT,Price on Request
422426,Godrej Zenith,1,4 BHK Apartment,1920 SQ.FT,Price on Request
422426,Godrej Zenith,1,4 BHK Apartment,2290 SQ.FT,Price on Request
49320,Charms Castle,1,2 BHK Apartment,884 SQ.FT,Price on Request
49320,Charms Castle,1,2 BHK Apartment,950 SQ.FT,₹ 59.2 L
49320,Charms Castle,1,2 BHK Apartment,975 SQ.FT,Price on Request
49320,Charms Castle,1,3 BHK Apartment,1330 SQ.FT,₹ 82.46 L
49320,Charms Castle,1,3 BHK Apartment,1450 SQ.FT,₹ 89.9 L
49320,Charms Castle,1,3 BHK Apartment,1618 SQ.FT,Price on Request
49320,Charms Castle,1,3 BHK Apartment,1818 SQ.FT,Price on Request
49320,Charms Castle,1,3 BHK Apartment,1850 SQ.FT,Price on Request
49320,Charms Castle,1,3 BHK Apartment,1920 SQ.FT,Price on Request
49320,Charms Castle,1,3 BHK Apartment,1924 SQ.FT,Price on Request
10356,Oasis GrandStand,1,"1.5 BHK Apartment
61.62 L",790 SQ.FT,₹ 61.62 L
10356,Oasis GrandStand,1,"2 BHK Apartment
71.76 L - 84.64 L",920 SQ.FT,₹ 71.76 L
10356,Oasis GrandStand,1,"2 BHK Apartment
71.76 L - 84.64 L",1045 SQ.FT,₹ 84.65 L
10356,Oasis GrandStand,1,"3 BHK Apartment
1.1 Cr",1405 SQ.FT,₹ 1.1 Cr
433317,Max Estate 360,1,"3 BHK Apartment
5.22 Cr - 5.69 Cr",2611 SQ.FT,₹ 5.22 Cr
433317,Max Estate 360,1,"3 BHK Apartment
5.22 Cr - 5.69 Cr",2802 SQ.FT,₹ 5.6 Cr
433317,Max Estate 360,1,"3 BHK Apartment
5.22 Cr - 5.69 Cr",2844 SQ.FT,₹ 5.69 Cr
433317,Max Estate 360,1,"4 BHK Apartment
7.06 Cr",3531 SQ.FT,₹ 7.06 Cr
333369,Emaar Digihomes,1,"2 BHK Apartment
3.03 Cr",1508 SQ.FT,₹ 3.03 Cr
333369,Emaar Digihomes,1,"3 BHK Apartment
5.15 Cr",2568 SQ.FT,₹ 5.15 Cr
333369,Emaar Digihomes,1,"3.5 BHK Apartment
5.19 Cr",2589 SQ.FT,₹ 5.19 Cr
404772,Central Park The Orchard,1,3 BHK Apartment,1340 SQ.FT,Price on Request
404772,Central Park The Orchard,1,3 BHK Apartment,1351 SQ.FT,Price on Request
404772,Central Park The Orchard,1,3 BHK Apartment,1455 SQ.FT,Price on Request
404772,Central Park The Orchard,1,3 BHK Apartment,2098 SQ.FT,Price on Request
404772,Central Park The Orchard,1,3 BHK Apartment,2129 SQ.FT,₹ 4.0 Cr
404772,Central Park The Orchard,1,3 BHK Apartment,2327 SQ.FT,Price on Request
404772,Central Park The Orchard,1,4 BHK Apartment,2671 SQ.FT,Price on Request
404772,Central Park The Orchard,1,4 BHK Apartment,4150 SQ.FT,Price on Request
432550,TARC Ishva,1,"3 BHK Apartment
6.5 Cr",2850 SQ.FT,"₹ 6.5 Cr
i"
432550,TARC Ishva,1,"4 BHK Apartment
8.66 Cr",3800 SQ.FT,"₹ 8.66 Cr
i"
10412,Purvanchal Royal City,1,"3 BHK Apartment
1.6 Cr - 1.94 Cr",1725 SQ.FT,₹ 1.6 Cr
10412,Purvanchal Royal City,1,"3 BHK Apartment
1.6 Cr - 1.94 Cr",1735 SQ.FT,₹ 1.61 Cr
10412,Purvanchal Royal City,1,"3 BHK Apartment
1.6 Cr - 1.94 Cr",1815 SQ.FT,₹ 1.68 Cr
10412,Purvanchal Royal City,1,"3 BHK Apartment
1.6 Cr - 1.94 Cr",1825 SQ.FT,₹ 1.69 Cr
10412,Purvanchal Royal City,1,"3 BHK Apartment
1.6 Cr - 1.94 Cr",2075 SQ.FT,₹ 1.92 Cr
10412,Purvanchal Royal City,1,"3 BHK Apartment
1.6 Cr - 1.94 Cr",2098 SQ.FT,₹ 1.94 Cr
10412,Purvanchal Royal City,1,"4 BHK Apartment
1.82 Cr - 2.97 Cr",1970 SQ.FT,₹ 1.82 Cr
10412,Purvanchal Royal City,1,"4 BHK Apartment
1.82 Cr - 2.97 Cr",2505 SQ.FT,₹ 2.32 Cr
10412,Purvanchal Royal City,1,"4 BHK Apartment
1.82 Cr - 2.97 Cr",3065 SQ.FT,₹ 2.84 Cr
10412,Purvanchal Royal City,1,"4 BHK Apartment
1.82 Cr - 2.97 Cr",3210 SQ.FT,₹ 2.97 Cr
10412,Purvanchal Royal City,1,"5 BHK Apartment
3.76 Cr - 4.75 Cr",4060 SQ.FT,₹ 3.76 Cr
10412,Purvanchal Royal City,1,"5 BHK Apartment
3.76 Cr - 4.75 Cr",4985 SQ.FT,₹ 4.62 Cr
10412,Purvanchal Royal City,1,"5 BHK Apartment
3.76 Cr - 4.75 Cr",5130 SQ.FT,₹ 4.75 Cr
333811,ATS Nobility,1,"3 BHK Apartment
1.92 Cr",1675 SQ.FT,₹ 1.92 Cr
425033,Ace Terra,1,"3 BHK Apartment
1.76 Cr",1770 SQ.FT,₹ 1.76 Cr
425033,Ace Terra,1,"4 BHK Apartment
2.39 Cr - 3.02 Cr",2395 SQ.FT,₹ 2.39 Cr
425033,Ace Terra,1,"4 BHK Apartment
2.39 Cr - 3.02 Cr",3025 SQ.FT,₹ 3.02 Cr
430588,CRC Maesta,1,"3 BHK Apartment
2.27 Cr",1720 SQ.FT,₹ 2.27 Cr
430588,CRC Maesta,1,"3.5 BHK Apartment
2.62 Cr - 3.1 Cr",1975 SQ.FT,₹ 2.62 Cr
430588,CRC Maesta,1,"3.5 BHK Apartment
2.62 Cr - 3.1 Cr",2245 SQ.FT,₹ 3.02 Cr
430588,CRC Maesta,1,"3.5 BHK Apartment
2.62 Cr - 3.1 Cr",2295 SQ.FT,₹ 3.1 Cr
430588,CRC Maesta,1,4 BHK Apartment,2690 SQ.FT,Price on Request
426316,Dani Sky,1,1 BHK Apartment,429 SQ.FT,₹ 39.0 L
426316,Dani Sky,1,1 BHK Apartment,438 SQ.FT,Price on Request
426316,Dani Sky,1,1 BHK Apartment,470 SQ.FT,Price on Request
426316,Dani Sky,1,2 BHK Apartment,630 SQ.FT,Price on Request
426316,Dani Sky,1,2 BHK Apartment,642 SQ.FT,Price on Request
426316,Dani Sky,1,2 BHK Apartment,648 SQ.FT,Price on Request
426316,Dani Sky,1,2 BHK Apartment,681 SQ.FT,Price on Request
426316,Dani Sky,1,2 BHK Apartment,690 SQ.FT,₹ 63.0 L
252701,Apex Landmark,1,"1 BHK Apartment
33.61 L - 46.35 L",327 SQ.FT,₹ 33.61 L
252701,Apex Landmark,1,"1 BHK Apartment
33.61 L - 46.35 L",338 SQ.FT,₹ 34.74 L
252701,Apex Landmark,1,"1 BHK Apartment
33.61 L - 46.35 L",342 SQ.FT,₹ 35.15 L
252701,Apex Landmark,1,"1 BHK Apartment
33.61 L - 46.35 L",442 SQ.FT,₹ 45.42 L
252701,Apex Landmark,1,"1 BHK Apartment
33.61 L - 46.35 L",449 SQ.FT,₹ 46.14 L
252701,Apex Landmark,1,"1 BHK Apartment
33.61 L - 46.35 L",450 SQ.FT,₹ 46.25 L
252701,Apex Landmark,1,"1 BHK Apartment
33.61 L - 46.35 L",451 SQ.FT,₹ 46.35 L
252701,Apex Landmark,1,"2 BHK Apartment
53.75 L - 77.08 L",523 SQ.FT,₹ 53.75 L
252701,Apex Landmark,1,"2 BHK Apartment
53.75 L - 77.08 L",556 SQ.FT,₹ 57.14 L
252701,Apex Landmark,1,"2 BHK Apartment
53.75 L - 77.08 L",731 SQ.FT,₹ 75.12 L
252701,Apex Landmark,1,"2 BHK Apartment
53.75 L - 77.08 L",742 SQ.FT,₹ 76.26 L
252701,Apex Landmark,1,"2 BHK Apartment
53.75 L - 77.08 L",749 SQ.FT,₹ 76.97 L
252701,Apex Landmark,1,"2 BHK Apartment
53.75 L - 77.08 L",750 SQ.FT,₹ 77.08 L
252701,Apex Landmark,1,"3 BHK Apartment
71.43 L - 1.23 Cr",695 SQ.FT,₹ 71.43 L
252701,Apex Landmark,1,"3 BHK Apartment
71.43 L - 1.23 Cr",733 SQ.FT,₹ 75.33 L
252701,Apex Landmark,1,"3 BHK Apartment
71.43 L - 1.23 Cr",1190 SQ.FT,₹ 1.22 Cr
252701,Apex Landmark,1,"3 BHK Apartment
71.43 L - 1.23 Cr",1198 SQ.FT,₹ 1.23 Cr
433849,Zenith,1,2 BHK Apartment,618 SQ.FT,Price on Request
433849,Zenith,1,2 BHK Apartment,677 SQ.FT,Price on Request
62235,Mahindra Luminare,1,3 BHK Apartment,1535 SQ.FT,₹ 4.76 Cr
62235,Mahindra Luminare,1,3 BHK Apartment,1624 SQ.FT,₹ 5.03 Cr
62235,Mahindra Luminare,1,3 BHK Apartment,1632 SQ.FT,Price on Request
62235,Mahindra Luminare,1,4 BHK Apartment,1342 SQ.FT,Price on Request
62235,Mahindra Luminare,1,4 BHK Apartment,1398 SQ.FT,Price on Request
62235,Mahindra Luminare,1,4 BHK Apartment,2009 SQ.FT,Price on Request
62235,Mahindra Luminare,1,4 BHK Apartment,2689 SQ.FT,Price on Request
62235,Mahindra Luminare,1,4 BHK Apartment,2739 SQ.FT,Price on Request
62235,Mahindra Luminare,1,4 BHK Apartment,2740 SQ.FT,Price on Request
62235,Mahindra Luminare,1,5 BHK Apartment,3385 SQ.FT,Price on Request
327273,County 107,1,"4 BHK Apartment
6.65 Cr - 8.52 Cr",3501 SQ.FT,₹ 6.65 Cr
327273,County 107,1,"4 BHK Apartment
6.65 Cr - 8.52 Cr",4482 SQ.FT,₹ 8.52 Cr
327273,County 107,1,"5 BHK Apartment
12.48 Cr",6570 SQ.FT,₹ 12.48 Cr
404068,M3M Crown,1,"2 BHK Apartment
3.07 Cr",1615 SQ.FT,₹ 3.07 Cr
404068,M3M Crown,1,3 BHK Apartment,1555 SQ.FT,₹ 2.95 Cr
404068,M3M Crown,1,3 BHK Apartment,1605 SQ.FT,₹ 3.05 Cr
404068,M3M Crown,1,3 BHK Apartment,1665 SQ.FT,Price on Request
404068,M3M Crown,1,3 BHK Apartment,1868 SQ.FT,₹ 3.55 Cr
404068,M3M Crown,1,3 BHK Apartment,2105 SQ.FT,₹ 4.0 Cr
404068,M3M Crown,1,"3.5 BHK Apartment
3.41 Cr - 4.12 Cr",1795 SQ.FT,₹ 3.41 Cr
404068,M3M Crown,1,"3.5 BHK Apartment
3.41 Cr - 4.12 Cr",1825 SQ.FT,₹ 3.47 Cr
404068,M3M Crown,1,"3.5 BHK Apartment
3.41 Cr - 4.12 Cr",1895 SQ.FT,₹ 3.6 Cr
404068,M3M Crown,1,"3.5 BHK Apartment
3.41 Cr - 4.12 Cr",2022 SQ.FT,₹ 3.84 Cr
404068,M3M Crown,1,"3.5 BHK Apartment
3.41 Cr - 4.12 Cr",2080 SQ.FT,₹ 3.95 Cr
404068,M3M Crown,1,"3.5 BHK Apartment
3.41 Cr - 4.12 Cr",2170 SQ.FT,₹ 4.12 Cr
404068,M3M Crown,1,"4 BHK Apartment
4.27 Cr - 4.56 Cr",2248 SQ.FT,₹ 4.27 Cr
404068,M3M Crown,1,"4 BHK Apartment
4.27 Cr - 4.56 Cr",2305 SQ.FT,₹ 4.38 Cr
404068,M3M Crown,1,"4 BHK Apartment
4.27 Cr - 4.56 Cr",2400 SQ.FT,₹ 4.56 Cr
404068,M3M Crown,1,"4.5 BHK Apartment
4.77 Cr - 5.07 Cr",2510 SQ.FT,₹ 4.77 Cr
404068,M3M Crown,1,"4.5 BHK Apartment
4.77 Cr - 5.07 Cr",2570 SQ.FT,₹ 4.88 Cr
404068,M3M Crown,1,"4.5 BHK Apartment
4.77 Cr - 5.07 Cr",2670 SQ.FT,₹ 5.07 Cr
424568,JMS Premier Floors,1,2 BHK Apartment,1260 SQ.FT,Price on Request
424568,JMS Premier Floors,1,"2.5 BHK Apartment
1.09 Cr - 1.57 Cr",1340 SQ.FT,₹ 1.09 Cr
424568,JMS Premier Floors,1,"2.5 BHK Apartment
1.09 Cr - 1.57 Cr",1408 SQ.FT,₹ 1.14 Cr
424568,JMS Premier Floors,1,"2.5 BHK Apartment
1.09 Cr - 1.57 Cr",1835 SQ.FT,₹ 1.49 Cr
424568,JMS Premier Floors,1,"2.5 BHK Apartment
1.09 Cr - 1.57 Cr",1939 SQ.FT,₹ 1.57 Cr
424568,JMS Premier Floors,1,3 BHK Apartment,1592 SQ.FT,Price on Request
424568,JMS Premier Floors,1,"3.5 BHK Apartment
1.42 Cr - 1.95 Cr",1745 SQ.FT,₹ 1.42 Cr
424568,JMS Premier Floors,1,"3.5 BHK Apartment
1.42 Cr - 1.95 Cr",2403 SQ.FT,₹ 1.95 Cr
8130,Paradise Sai Miracle,1,2 BHK Apartment,1200 SQ.FT,Price on Request
8130,Paradise Sai Miracle,1,2 BHK Apartment,1225 SQ.FT,Price on Request
8130,Paradise Sai Miracle,1,2 BHK Apartment,1240 SQ.FT,Price on Request
8130,Paradise Sai Miracle,1,2 BHK Apartment,1265 SQ.FT,Price on Request
8130,Paradise Sai Miracle,1,3 BHK Apartment,1685 SQ.FT,Price on Request
8130,Paradise Sai Miracle,1,3 BHK Apartment,1710 SQ.FT,Price on Request
8130,Paradise Sai Miracle,1,3 BHK Apartment,2500 SQ.FT,Price on Request
8130,Paradise Sai Miracle,1,3 BHK Apartment,3125 SQ.FT,Price on Request
8590,Indiabulls Golf City,1,"1 BHK Apartment
25.04 L - 45.27 L",573 SQ.FT,₹ 25.04 L
8590,Indiabulls Golf City,1,"1 BHK Apartment
25.04 L - 45.27 L",576 SQ.FT,₹ 25.17 L
8590,Indiabulls Golf City,1,"1 BHK Apartment
25.04 L - 45.27 L",785 SQ.FT,₹ 34.3 L
8590,Indiabulls Golf City,1,"1 BHK Apartment
25.04 L - 45.27 L",918 SQ.FT,₹ 40.12 L
8590,Indiabulls Golf City,1,"1 BHK Apartment
25.04 L - 45.27 L",1036 SQ.FT,₹ 45.27 L
8590,Indiabulls Golf City,1,"2 BHK Apartment
57.6 L - 72.45 L",1318 SQ.FT,₹ 57.6 L
8590,Indiabulls Golf City,1,"2 BHK Apartment
57.6 L - 72.45 L",1377 SQ.FT,₹ 60.17 L
8590,Indiabulls Golf City,1,"2 BHK Apartment
57.6 L - 72.45 L",1427 SQ.FT,₹ 62.36 L
8590,Indiabulls Golf City,1,"2 BHK Apartment
57.6 L - 72.45 L",1529 SQ.FT,₹ 66.82 L
8590,Indiabulls Golf City,1,"2 BHK Apartment
57.6 L - 72.45 L",1658 SQ.FT,₹ 72.45 L
8590,Indiabulls Golf City,1,"3 BHK Apartment
69.88 L - 1.41 Cr",1599 SQ.FT,₹ 69.88 L
8590,Indiabulls Golf City,1,"3 BHK Apartment
69.88 L - 1.41 Cr",1812 SQ.FT,₹ 79.18 L
8590,Indiabulls Golf City,1,"3 BHK Apartment
69.88 L - 1.41 Cr",1979 SQ.FT,₹ 86.48 L
8590,Indiabulls Golf City,1,"3 BHK Apartment
69.88 L - 1.41 Cr",2515 SQ.FT,₹ 1.1 Cr
8590,Indiabulls Golf City,1,"3 BHK Apartment
69.88 L - 1.41 Cr",3218 SQ.FT,₹ 1.41 Cr
8590,Indiabulls Golf City,1,"4 BHK Apartment
1.06 Cr - 1.56 Cr",2437 SQ.FT,₹ 1.06 Cr
8590,Indiabulls Golf City,1,"4 BHK Apartment
1.06 Cr - 1.56 Cr",2674 SQ.FT,₹ 1.17 Cr
8590,Indiabulls Golf City,1,"4 BHK Apartment
1.06 Cr - 1.56 Cr",2690 SQ.FT,₹ 1.18 Cr
8590,Indiabulls Golf City,1,"4 BHK Apartment
1.06 Cr - 1.56 Cr",2978 SQ.FT,₹ 1.3 Cr
8590,Indiabulls Golf City,1,"4 BHK Apartment
1.06 Cr - 1.56 Cr",3572 SQ.FT,₹ 1.56 Cr
18410,Experion The Westerlies,1,"4 BHK Villa
8.99 Cr - 10.54 Cr",4486 SQ.FT,₹ 8.99 Cr
18410,Experion The Westerlies,1,"4 BHK Villa
8.99 Cr - 10.54 Cr",4782 SQ.FT,₹ 9.59 Cr
18410,Experion The Westerlies,1,"4 BHK Villa
8.99 Cr - 10.54 Cr",5260 SQ.FT,₹ 10.54 Cr
18410,Experion The Westerlies,1,"5 BHK Villa
10.47 Cr - 18.04 Cr",5222 SQ.FT,₹ 10.47 Cr
18410,Experion The Westerlies,1,"5 BHK Villa
10.47 Cr - 18.04 Cr",6824 SQ.FT,₹ 13.68 Cr
18410,Experion The Westerlies,1,"5 BHK Villa
10.47 Cr - 18.04 Cr",6899 SQ.FT,₹ 13.83 Cr
18410,Experion The Westerlies,1,"5 BHK Villa
10.47 Cr - 18.04 Cr",8146 SQ.FT,₹ 16.33 Cr
18410,Experion The Westerlies,1,"5 BHK Villa
10.47 Cr - 18.04 Cr",8397 SQ.FT,₹ 16.83 Cr
18410,Experion The Westerlies,1,"5 BHK Villa
10.47 Cr - 18.04 Cr",8998 SQ.FT,₹ 18.04 Cr
320141,Godrej Air,1,"1 BHK Apartment
2.29 Cr",954 SQ.FT,₹ 2.29 Cr
320141,Godrej Air,1,"2 BHK Apartment
2.38 Cr - 3.34 Cr",990 SQ.FT,₹ 2.38 Cr
320141,Godrej Air,1,"2 BHK Apartment
2.38 Cr - 3.34 Cr",1044 SQ.FT,₹ 2.51 Cr
320141,Godrej Air,1,"2 BHK Apartment
2.38 Cr - 3.34 Cr",1046 SQ.FT,₹ 2.51 Cr
320141,Godrej Air,1,"2 BHK Apartment
2.38 Cr - 3.34 Cr",1263 SQ.FT,₹ 3.03 Cr
320141,Godrej Air,1,"2 BHK Apartment
2.38 Cr - 3.34 Cr",1390 SQ.FT,₹ 3.34 Cr
320141,Godrej Air,1,"3 BHK Apartment
2.79 Cr - 5.11 Cr",1161 SQ.FT,₹ 2.79 Cr
320141,Godrej Air,1,"3 BHK Apartment
2.79 Cr - 5.11 Cr",1292 SQ.FT,₹ 3.1 Cr
320141,Godrej Air,1,"3 BHK Apartment
2.79 Cr - 5.11 Cr",1313 SQ.FT,₹ 3.15 Cr
320141,Godrej Air,1,"3 BHK Apartment
2.79 Cr - 5.11 Cr",1370 SQ.FT,₹ 3.29 Cr
320141,Godrej Air,1,"3 BHK Apartment
2.79 Cr - 5.11 Cr",1371 SQ.FT,₹ 3.29 Cr
320141,Godrej Air,1,"3 BHK Apartment
2.79 Cr - 5.11 Cr",1376 SQ.FT,₹ 3.3 Cr
320141,Godrej Air,1,"3 BHK Apartment
2.79 Cr - 5.11 Cr",1507 SQ.FT,₹ 3.62 Cr
320141,Godrej Air,1,"3 BHK Apartment
2.79 Cr - 5.11 Cr",1582 SQ.FT,₹ 3.8 Cr
320141,Godrej Air,1,"3 BHK Apartment
2.79 Cr - 5.11 Cr",1829 SQ.FT,₹ 4.39 Cr
320141,Godrej Air,1,"3 BHK Apartment
2.79 Cr - 5.11 Cr",2129 SQ.FT,₹ 5.11 Cr
320141,Godrej Air,1,"4 BHK Apartment
3.97 Cr - 6.24 Cr",1654 SQ.FT,₹ 3.97 Cr
320141,Godrej Air,1,"4 BHK Apartment
3.97 Cr - 6.24 Cr",1841 SQ.FT,₹ 4.42 Cr
320141,Godrej Air,1,"4 BHK Apartment
3.97 Cr - 6.24 Cr",1950 SQ.FT,₹ 4.68 Cr
320141,Godrej Air,1,"4 BHK Apartment
3.97 Cr - 6.24 Cr",1951 SQ.FT,₹ 4.68 Cr
320141,Godrej Air,1,"4 BHK Apartment
3.97 Cr - 6.24 Cr",2599 SQ.FT,₹ 6.24 Cr
379657,Signature Global City 92,1,"2 BHK Apartment
1.1 Cr",955 SQ.FT,"₹ 1.1 Cr
i"
379657,Signature Global City 92,1,"3 BHK Apartment
1.32 Cr",1095 SQ.FT,"₹ 1.32 Cr
i"
412546,DLF Privana South,1,"4 BHK Apartment
7.1 Cr",3577 SQ.FT,₹ 7.1 Cr
412546,DLF Privana South,1,"4 BHK Penthouse
10.86 Cr",5472 SQ.FT,₹ 10.86 Cr
297055,Godrej Nature Plus,1,"2 BHK Apartment
1.34 Cr - 1.41 Cr",1310 SQ.FT,₹ 1.34 Cr
297055,Godrej Nature Plus,1,"2 BHK Apartment
1.34 Cr - 1.41 Cr",1311 SQ.FT,₹ 1.34 Cr
297055,Godrej Nature Plus,1,"2 BHK Apartment
1.34 Cr - 1.41 Cr",1385 SQ.FT,₹ 1.41 Cr
297055,Godrej Nature Plus,1,"2.5 BHK Apartment
1.56 Cr",1528 SQ.FT,₹ 1.56 Cr
297055,Godrej Nature Plus,1,"3 BHK Apartment
1.59 Cr - 2.03 Cr",1557 SQ.FT,₹ 1.59 Cr
297055,Godrej Nature Plus,1,"3 BHK Apartment
1.59 Cr - 2.03 Cr",1986 SQ.FT,₹ 2.02 Cr
297055,Godrej Nature Plus,1,"3 BHK Apartment
1.59 Cr - 2.03 Cr",1996 SQ.FT,₹ 2.03 Cr
15378,Solitairian City,1,"1 BHK Apartment
49.84 L",665 SQ.FT,₹ 49.84 L
15378,Solitairian City,1,"2 BHK Apartment
74.95 L - 1.72 Cr",1000 SQ.FT,₹ 74.95 L
15378,Solitairian City,1,"2 BHK Apartment
74.95 L - 1.72 Cr",1012 SQ.FT,₹ 75.85 L
15378,Solitairian City,1,"2 BHK Apartment
74.95 L - 1.72 Cr",1115 SQ.FT,₹ 83.57 L
15378,Solitairian City,1,"2 BHK Apartment
74.95 L - 1.72 Cr",1140 SQ.FT,₹ 85.44 L
15378,Solitairian City,1,"2 BHK Apartment
74.95 L - 1.72 Cr",1660 SQ.FT,₹ 1.24 Cr
15378,Solitairian City,1,"2 BHK Apartment
74.95 L - 1.72 Cr",1925 SQ.FT,₹ 1.72 Cr
15378,Solitairian City,1,"3 BHK Apartment
1.07 Cr - 2.15 Cr",1425 SQ.FT,₹ 1.07 Cr
15378,Solitairian City,1,"3 BHK Apartment
1.07 Cr - 2.15 Cr",1850 SQ.FT,₹ 1.39 Cr
15378,Solitairian City,1,"3 BHK Apartment
1.07 Cr - 2.15 Cr",1935 SQ.FT,₹ 1.45 Cr
15378,Solitairian City,1,"3 BHK Apartment
1.07 Cr - 2.15 Cr",2080 SQ.FT,₹ 1.56 Cr
15378,Solitairian City,1,"3 BHK Apartment
1.07 Cr - 2.15 Cr",2400 SQ.FT,₹ 2.15 Cr
15378,Solitairian City,1,"3 BHK Villa
1.74 Cr",1740 SQ.FT,₹ 1.74 Cr
15378,Solitairian City,1,"4 BHK Apartment
3.9 Cr",4350 SQ.FT,₹ 3.9 Cr
15378,Solitairian City,1,"5 BHK Villa
3.1 Cr - 4.65 Cr",3100 SQ.FT,₹ 3.1 Cr
15378,Solitairian City,1,"5 BHK Villa
3.1 Cr - 4.65 Cr",4650 SQ.FT,₹ 4.65 Cr
378934,Signature Global City,1,"2 BHK Apartment
1.17 Cr",990 SQ.FT,₹ 1.17 Cr
378934,Signature Global City,1,"3 BHK Apartment
1.47 Cr - 2.71 Cr",1250 SQ.FT,₹ 1.47 Cr
378934,Signature Global City,1,"3 BHK Apartment
1.47 Cr - 2.71 Cr",1440 SQ.FT,₹ 1.7 Cr
378934,Signature Global City,1,"3 BHK Apartment
1.47 Cr - 2.71 Cr",2300 SQ.FT,₹ 2.71 Cr
378934,Signature Global City,2,"2 BHK Apartment
1.16 Cr - 1.26 Cr",1050 SQ.FT,₹ 1.16 Cr
378934,Signature Global City,2,"2 BHK Apartment
1.16 Cr - 1.26 Cr",1060 SQ.FT,₹ 1.17 Cr
378934,Signature Global City,2,"2 BHK Apartment
1.16 Cr - 1.26 Cr",1150 SQ.FT,₹ 1.26 Cr
378934,Signature Global City,2,"3 BHK Apartment
1.42 Cr - 1.69 Cr",1295 SQ.FT,₹ 1.42 Cr
378934,Signature Global City,2,"3 BHK Apartment
1.42 Cr - 1.69 Cr",1305 SQ.FT,₹ 1.44 Cr
378934,Signature Global City,2,"3 BHK Apartment
1.42 Cr - 1.69 Cr",1450 SQ.FT,₹ 1.6 Cr
378934,Signature Global City,2,"3 BHK Apartment
1.42 Cr - 1.69 Cr",1535 SQ.FT,₹ 1.69 Cr
378934,Signature Global City,3,"Plot
1.14 Cr - 1.49 Cr",1000 SQ.FT,₹ 1.14 Cr
378934,Signature Global City,3,"Plot
1.14 Cr - 1.49 Cr",1305 SQ.FT,₹ 1.49 Cr
318679,Hero Homes,1,"2 BHK Apartment
1.5 Cr",1099 SQ.FT,"₹ 1.5 Cr
i"
318679,Hero Homes,1,"3 BHK Apartment
1.9 Cr - 2.4 Cr",1359 SQ.FT,"₹ 1.9 Cr
i"
318679,Hero Homes,1,"3 BHK Apartment
1.9 Cr - 2.4 Cr",1389 SQ.FT,"₹ 1.9 Cr
i"
318679,Hero Homes,1,"3 BHK Apartment
1.9 Cr - 2.4 Cr",1689 SQ.FT,"₹ 2.4 Cr
i"
318679,Hero Homes,1,"4 BHK Apartment
3.67 Cr",2450 SQ.FT,"₹ 3.67 Cr
i"
328903,L and T Seawoods Residences,1,2 BHK Apartment,490 SQ.FT,Price on Request
328903,L and T Seawoods Residences,1,2 BHK Apartment,493 SQ.FT,₹ 1.6 Cr
328903,L and T Seawoods Residences,1,2 BHK Apartment,522 SQ.FT,₹ 1.69 Cr
328903,L and T Seawoods Residences,1,2 BHK Apartment,710 SQ.FT,Price on Request
328903,L and T Seawoods Residences,1,3 BHK Apartment,673 SQ.FT,₹ 2.27 Cr
328903,L and T Seawoods Residences,1,3 BHK Apartment,808 SQ.FT,Price on Request
328903,L and T Seawoods Residences,1,3 BHK Apartment,877 SQ.FT,Price on Request
328903,L and T Seawoods Residences,1,3 BHK Apartment,880 SQ.FT,₹ 2.85 Cr
328903,L and T Seawoods Residences,1,3 BHK Apartment,884 SQ.FT,Price on Request
328903,L and T Seawoods Residences,1,3 BHK Apartment,1240 SQ.FT,Price on Request
328903,L and T Seawoods Residences,2,2 BHK Apartment,490 SQ.FT,Price on Request
328903,L and T Seawoods Residences,2,2 BHK Apartment,493 SQ.FT,₹ 1.6 Cr
328903,L and T Seawoods Residences,2,2 BHK Apartment,522 SQ.FT,₹ 1.69 Cr
328903,L and T Seawoods Residences,2,2 BHK Apartment,710 SQ.FT,Price on Request
328903,L and T Seawoods Residences,2,3 BHK Apartment,673 SQ.FT,₹ 2.27 Cr
328903,L and T Seawoods Residences,2,3 BHK Apartment,808 SQ.FT,Price on Request
328903,L and T Seawoods Residences,2,3 BHK Apartment,877 SQ.FT,Price on Request
328903,L and T Seawoods Residences,2,3 BHK Apartment,880 SQ.FT,₹ 2.85 Cr
328903,L and T Seawoods Residences,2,3 BHK Apartment,884 SQ.FT,Price on Request
328903,L and T Seawoods Residences,2,3 BHK Apartment,1240 SQ.FT,Price on Request
328903,L and T Seawoods Residences,3,"2 BHK Apartment
2.46 Cr - 2.62 Cr",770 SQ.FT,₹ 2.46 Cr
328903,L and T Seawoods Residences,3,"2 BHK Apartment
2.46 Cr - 2.62 Cr",820 SQ.FT,₹ 2.62 Cr
328903,L and T Seawoods Residences,3,"3 BHK Apartment
3.45 Cr - 3.96 Cr",1080 SQ.FT,₹ 3.45 Cr
328903,L and T Seawoods Residences,3,"3 BHK Apartment
3.45 Cr - 3.96 Cr",1105 SQ.FT,₹ 3.53 Cr
328903,L and T Seawoods Residences,3,"3 BHK Apartment
3.45 Cr - 3.96 Cr",1165 SQ.FT,₹ 3.72 Cr
328903,L and T Seawoods Residences,3,"3 BHK Apartment
3.45 Cr - 3.96 Cr",1240 SQ.FT,₹ 3.96 Cr
403847,Adore Smart City,1,"Plot
71.12 L - 84 L",127 SQ.YD,₹ 71.12 L
403847,Adore Smart City,1,"Plot
71.12 L - 84 L",150 SQ.YD,₹ 84.0 L
403847,Adore Smart City,2,"Plot
54 L - 97.2 L",900 SQ.FT,₹ 54.0 L
403847,Adore Smart City,2,"Plot
54 L - 97.2 L",1055 SQ.FT,₹ 63.27 L
403847,Adore Smart City,2,"Plot
54 L - 97.2 L",1150 SQ.FT,₹ 68.99 L
403847,Adore Smart City,2,"Plot
54 L - 97.2 L",1162 SQ.FT,₹ 69.73 L
403847,Adore Smart City,2,"Plot
54 L - 97.2 L",1169 SQ.FT,₹ 70.12 L
403847,Adore Smart City,2,"Plot
54 L - 97.2 L",1177 SQ.FT,₹ 70.61 L
403847,Adore Smart City,2,"Plot
54 L - 97.2 L",1333 SQ.FT,₹ 79.99 L
403847,Adore Smart City,2,"Plot
54 L - 97.2 L",1501 SQ.FT,₹ 90.09 L
403847,Adore Smart City,2,"Plot
54 L - 97.2 L",1620 SQ.FT,₹ 97.2 L
430191,Adani Lushlands,1,"4 BHK Apartment
6.2 Cr - 9.51 Cr",2660 SQ.FT,₹ 6.2 Cr
430191,Adani Lushlands,1,"4 BHK Apartment
6.2 Cr - 9.51 Cr",3292 SQ.FT,₹ 7.68 Cr
430191,Adani Lushlands,1,"4 BHK Apartment
6.2 Cr - 9.51 Cr",3315 SQ.FT,₹ 7.73 Cr
430191,Adani Lushlands,1,"4 BHK Apartment
6.2 Cr - 9.51 Cr",4080 SQ.FT,₹ 9.51 Cr
430191,Adani Lushlands,1,"6 BHK Apartment
15.15 Cr",6495 SQ.FT,₹ 15.15 Cr
430191,Adani Lushlands,1,"6 BHK Penthouse
16.57 Cr",7104 SQ.FT,₹ 16.57 Cr
153,KLJ Greens,1,"2 BHK Apartment
61.75 L",1343 SQ.FT,₹ 61.75 L
153,KLJ Greens,1,"2.5 BHK Apartment
58.81 L - 63.77 L",1279 SQ.FT,₹ 58.81 L
153,KLJ Greens,1,"2.5 BHK Apartment
58.81 L - 63.77 L",1387 SQ.FT,₹ 63.77 L
153,KLJ Greens,1,"3 BHK Apartment
73.66 L - 81.39 L",1602 SQ.FT,₹ 73.66 L
153,KLJ Greens,1,"3 BHK Apartment
73.66 L - 81.39 L",1666 SQ.FT,₹ 76.6 L
153,KLJ Greens,1,"3 BHK Apartment
73.66 L - 81.39 L",1675 SQ.FT,₹ 77.02 L
153,KLJ Greens,1,"3 BHK Apartment
73.66 L - 81.39 L",1707 SQ.FT,₹ 78.49 L
153,KLJ Greens,1,"3 BHK Apartment
73.66 L - 81.39 L",1710 SQ.FT,₹ 78.63 L
153,KLJ Greens,1,"3 BHK Apartment
73.66 L - 81.39 L",1770 SQ.FT,₹ 81.39 L
153,KLJ Greens,1,"3.5 BHK Apartment
79.09 L",1720 SQ.FT,₹ 79.09 L
153,KLJ Greens,1,"4 BHK Apartment
98.4 L - 1.08 Cr",2140 SQ.FT,₹ 98.4 L
153,KLJ Greens,1,"4 BHK Apartment
98.4 L - 1.08 Cr",2141 SQ.FT,₹ 98.44 L
153,KLJ Greens,1,"4 BHK Apartment
98.4 L - 1.08 Cr",2339 SQ.FT,₹ 1.08 Cr
294215,Arihant Aspire,1,1 BHK Apartment,335 SQ.FT,"₹ 50.0 L
i"
294215,Arihant Aspire,1,1 BHK Apartment,335 SQ.FT,₹ 43.55 L
294215,Arihant Aspire,1,1 BHK Apartment,365 SQ.FT,₹ 47.44 L
294215,Arihant Aspire,1,1 BHK Apartment,333 SQ.FT,₹ 55.17 L
294215,Arihant Aspire,1,1 BHK Apartment,365 SQ.FT,₹ 60.47 L
294215,Arihant Aspire,1,1 BHK Apartment,400 SQ.FT,Price on Request
294215,Arihant Aspire,1,1 BHK Apartment,450 SQ.FT,Price on Request
294215,Arihant Aspire,1,2 BHK Apartment,489 SQ.FT,"₹ 80.0 L
i"
294215,Arihant Aspire,1,2 BHK Apartment,607 SQ.FT,"₹ 99.3 L
i"
294215,Arihant Aspire,1,2 BHK Apartment,570 SQ.FT,₹ 74.09 L
294215,Arihant Aspire,1,2 BHK Apartment,600 SQ.FT,Price on Request
294215,Arihant Aspire,1,2 BHK Apartment,650 SQ.FT,Price on Request
294215,Arihant Aspire,1,2 BHK Apartment,732 SQ.FT,Price on Request
294215,Arihant Aspire,1,2 BHK Apartment,765 SQ.FT,₹ 1.31 Cr
294215,Arihant Aspire,1,3 BHK Apartment,900 SQ.FT,Price on Request
294215,Arihant Aspire,1,3 BHK Apartment,950 SQ.FT,Price on Request
391580,DLF The Grove,1,"3 BHK Apartment
5.32 Cr",1660 SQ.FT,₹ 5.32 Cr
391580,DLF The Grove,1,4 BHK Apartment,1988 SQ.FT,₹ 6.37 Cr
391580,DLF The Grove,1,4 BHK Apartment,2421 SQ.FT,₹ 7.76 Cr
391580,DLF The Grove,1,4 BHK Apartment,2430 SQ.FT,Price on Request
391580,DLF The Grove,1,4 BHK Apartment,3150 SQ.FT,₹ 10.1 Cr
391580,DLF The Grove,1,4 BHK Apartment,4500 SQ.FT,₹ 14.42 Cr
391580,DLF The Grove,1,4 BHK Apartment,4521 SQ.FT,Price on Request
399000,ATS Bonheur Avenue,1,"Plot
1.55 Cr - 1.81 Cr",1165 SQ.FT,₹ 1.55 Cr
399000,ATS Bonheur Avenue,1,"Plot
1.55 Cr - 1.81 Cr",1249 SQ.FT,₹ 1.67 Cr
399000,ATS Bonheur Avenue,1,"Plot
1.55 Cr - 1.81 Cr",1285 SQ.FT,₹ 1.71 Cr
399000,ATS Bonheur Avenue,1,"Plot
1.55 Cr - 1.81 Cr",1286 SQ.FT,₹ 1.71 Cr
399000,ATS Bonheur Avenue,1,"Plot
1.55 Cr - 1.81 Cr",1355 SQ.FT,₹ 1.81 Cr
400534,Amolik Aster Woods,1,"Plot
70.03 L - 1.33 Cr",854 SQ.FT,₹ 70.03 L
400534,Amolik Aster Woods,1,"Plot
70.03 L - 1.33 Cr",900 SQ.FT,₹ 73.8 L
400534,Amolik Aster Woods,1,"Plot
70.03 L - 1.33 Cr",954 SQ.FT,₹ 78.23 L
400534,Amolik Aster Woods,1,"Plot
70.03 L - 1.33 Cr",955 SQ.FT,₹ 78.31 L
400534,Amolik Aster Woods,1,"Plot
70.03 L - 1.33 Cr",1125 SQ.FT,₹ 92.25 L
400534,Amolik Aster Woods,1,"Plot
70.03 L - 1.33 Cr",1395 SQ.FT,₹ 1.14 Cr
400534,Amolik Aster Woods,1,"Plot
70.03 L - 1.33 Cr",1614 SQ.FT,₹ 1.32 Cr
400534,Amolik Aster Woods,1,"Plot
70.03 L - 1.33 Cr",1620 SQ.FT,₹ 1.33 Cr
405181,M3M Golf Hills,1,"2 BHK Apartment
2.08 Cr",1420 SQ.FT,₹ 2.08 Cr
405181,M3M Golf Hills,1,"3 BHK Apartment
2.79 Cr - 3.08 Cr",1900 SQ.FT,₹ 2.79 Cr
405181,M3M Golf Hills,1,"3 BHK Apartment
2.79 Cr - 3.08 Cr",1902 SQ.FT,₹ 2.79 Cr
405181,M3M Golf Hills,1,"3 BHK Apartment
2.79 Cr - 3.08 Cr",2090 SQ.FT,₹ 3.07 Cr
405181,M3M Golf Hills,1,"3 BHK Apartment
2.79 Cr - 3.08 Cr",2100 SQ.FT,₹ 3.08 Cr
405181,M3M Golf Hills,1,"3.5 BHK Apartment
3.32 Cr",2260 SQ.FT,₹ 3.32 Cr
405181,M3M Golf Hills,1,"4 BHK Apartment
3.86 Cr - 3.89 Cr",2630 SQ.FT,₹ 3.86 Cr
405181,M3M Golf Hills,1,"4 BHK Apartment
3.86 Cr - 3.89 Cr",2650 SQ.FT,₹ 3.89 Cr
405181,M3M Golf Hills,1,"4.5 BHK Apartment
3.94 Cr",2685 SQ.FT,₹ 3.94 Cr
405181,M3M Golf Hills,2,"2.5 BHK Apartment
2.13 Cr",1420 SQ.FT,₹ 2.13 Cr
405181,M3M Golf Hills,2,3 BHK Apartment,2090 SQ.FT,Price on Request
405181,M3M Golf Hills,2,3 BHK Apartment,2100 SQ.FT,Price on Request
405181,M3M Golf Hills,2,"3.5 BHK Apartment
2.85 Cr - 3.08 Cr",1900 SQ.FT,₹ 2.85 Cr
405181,M3M Golf Hills,2,"3.5 BHK Apartment
2.85 Cr - 3.08 Cr",2050 SQ.FT,₹ 3.08 Cr
405181,M3M Golf Hills,2,4 BHK Apartment,2630 SQ.FT,Price on Request
405181,M3M Golf Hills,2,4 BHK Apartment,2685 SQ.FT,Price on Request
405181,M3M Golf Hills,2,"4.5 BHK Apartment
3.98 Cr",2650 SQ.FT,₹ 3.98 Cr
213249,Godrej 101,1,"2 BHK Apartment
1.24 Cr - 1.63 Cr",1050 SQ.FT,₹ 1.24 Cr
213249,Godrej 101,1,"2 BHK Apartment
1.24 Cr - 1.63 Cr",1383 SQ.FT,₹ 1.63 Cr
213249,Godrej 101,1,"2.5 BHK Apartment
1.74 Cr - 1.86 Cr",1470 SQ.FT,₹ 1.74 Cr
213249,Godrej 101,1,"2.5 BHK Apartment
1.74 Cr - 1.86 Cr",1491 SQ.FT,₹ 1.76 Cr
213249,Godrej 101,1,"2.5 BHK Apartment
1.74 Cr - 1.86 Cr",1505 SQ.FT,₹ 1.78 Cr
213249,Godrej 101,1,"2.5 BHK Apartment
1.74 Cr - 1.86 Cr",1559 SQ.FT,₹ 1.84 Cr
213249,Godrej 101,1,"2.5 BHK Apartment
1.74 Cr - 1.86 Cr",1572 SQ.FT,₹ 1.86 Cr
213249,Godrej 101,1,3 BHK Apartment,1500 SQ.FT,₹ 1.77 Cr
213249,Godrej 101,1,3 BHK Apartment,2125 SQ.FT,Price on Request
213249,Godrej 101,1,3 BHK Apartment,2244 SQ.FT,₹ 2.65 Cr
213249,Godrej 101,1,3 BHK Apartment,2262 SQ.FT,₹ 2.67 Cr
213249,Godrej 101,1,3 BHK Apartment,2366 SQ.FT,₹ 2.8 Cr
213249,Godrej 101,1,3 BHK Apartment,2506 SQ.FT,Price on Request
371039,Bhagwati Greens 2,1,2 BHK Apartment,740 SQ.FT,Price on Request
371039,Bhagwati Greens 2,1,3 BHK Apartment,1100 SQ.FT,Price on Request
371039,Bhagwati Greens 2,2,"2 BHK Apartment
2.42 Cr - 2.95 Cr",1120 SQ.FT,₹ 2.42 Cr
371039,Bhagwati Greens 2,2,"2 BHK Apartment
2.42 Cr - 2.95 Cr",1350 SQ.FT,₹ 2.92 Cr
371039,Bhagwati Greens 2,2,"2 BHK Apartment
2.42 Cr - 2.95 Cr",1365 SQ.FT,₹ 2.95 Cr
371039,Bhagwati Greens 2,2,"3 BHK Apartment
4.31 Cr - 4.91 Cr",1995 SQ.FT,₹ 4.31 Cr
371039,Bhagwati Greens 2,2,"3 BHK Apartment
4.31 Cr - 4.91 Cr",2030 SQ.FT,₹ 4.39 Cr
371039,Bhagwati Greens 2,2,"3 BHK Apartment
4.31 Cr - 4.91 Cr",2050 SQ.FT,₹ 4.43 Cr
371039,Bhagwati Greens 2,2,"3 BHK Apartment
4.31 Cr - 4.91 Cr",2270 SQ.FT,₹ 4.91 Cr
331815,One Akshar,1,4 BHK Apartment,1197 SQ.FT,₹ 9.05 Cr
331815,One Akshar,1,4 BHK Apartment,1357 SQ.FT,₹ 10.68 Cr
331815,One Akshar,1,4 BHK Apartment,1499 SQ.FT,₹ 10.99 Cr
331815,One Akshar,1,4 BHK Apartment,1785 SQ.FT,₹ 11.55 Cr
331815,One Akshar,1,4 BHK Apartment,1786 SQ.FT,₹ 12.0 Cr
331815,One Akshar,1,4 BHK Apartment,1884 SQ.FT,₹ 14.24 Cr
331815,One Akshar,1,4 BHK Apartment,1885 SQ.FT,₹ 14.25 Cr
331815,One Akshar,1,4 BHK Apartment,2087 SQ.FT,₹ 15.78 Cr
331815,One Akshar,1,4 BHK Apartment,2088 SQ.FT,₹ 15.79 Cr
331815,One Akshar,1,4 BHK Apartment,2136 SQ.FT,₹ 16.15 Cr
331815,One Akshar,1,4 BHK Apartment,2236 SQ.FT,₹ 16.91 Cr
331815,One Akshar,1,4 BHK Apartment,2237 SQ.FT,₹ 16.91 Cr
331815,One Akshar,1,4 BHK Apartment,2542 SQ.FT,Price on Request
331815,One Akshar,1,4 BHK Apartment,2607 SQ.FT,₹ 19.71 Cr
331815,One Akshar,1,4 BHK Apartment,2608 SQ.FT,₹ 19.72 Cr
331815,One Akshar,1,4 BHK Apartment,2954 SQ.FT,Price on Request
331815,One Akshar,1,4 BHK Apartment,4395 SQ.FT,Price on Request
331815,One Akshar,1,4 BHK Apartment,4825 SQ.FT,Price on Request
331815,One Akshar,1,4 BHK Apartment,4925 SQ.FT,₹ 37.24 Cr
375092,Provident Palmvista,1,"1 BHK Apartment
47 L - 56 L",395 SQ.FT,"₹ 47.0 L
i"
375092,Provident Palmvista,1,"1 BHK Apartment
47 L - 56 L",407 SQ.FT,"₹ 49.0 L
i"
375092,Provident Palmvista,1,"1 BHK Apartment
47 L - 56 L",453 SQ.FT,"₹ 56.0 L
i"
377897,Bhagwati Elysia 1,1,"1 BHK Apartment
45.5 L - 51.98 L",371 SQ.FT,₹ 45.5 L
377897,Bhagwati Elysia 1,1,"1 BHK Apartment
45.5 L - 51.98 L",424 SQ.FT,₹ 51.98 L
377897,Bhagwati Elysia 1,1,"2 BHK Apartment
55.29 L - 76.1 L",563 SQ.FT,₹ 71.39 L
377897,Bhagwati Elysia 1,1,"2 BHK Apartment
55.29 L - 76.1 L",600 SQ.FT,₹ 76.1 L
377897,Bhagwati Elysia 1,1,"2 BHK Apartment
55.29 L - 76.1 L",479 SQ.FT,₹ 55.29 L
377897,Bhagwati Elysia 1,1,"2 BHK Apartment
55.29 L - 76.1 L",495 SQ.FT,₹ 57.11 L
377897,Bhagwati Elysia 1,1,"2 BHK Apartment
55.29 L - 76.1 L",505 SQ.FT,₹ 58.27 L
377897,Bhagwati Elysia 1,1,"2 BHK Apartment
55.29 L - 76.1 L",515 SQ.FT,₹ 59.42 L
377897,Bhagwati Elysia 1,1,"3 BHK Apartment
93.47 L",896 SQ.FT,₹ 93.47 L
388006,Paradise Sai Suncity,1,"1 BHK Apartment
41.61 L - 43.54 L",430 SQ.FT,₹ 41.61 L
388006,Paradise Sai Suncity,1,"1 BHK Apartment
41.61 L - 43.54 L",434 SQ.FT,₹ 42.0 L
388006,Paradise Sai Suncity,1,"1 BHK Apartment
41.61 L - 43.54 L",450 SQ.FT,₹ 43.54 L
388006,Paradise Sai Suncity,1,"2 BHK Apartment
62.47 L - 69.38 L",646 SQ.FT,₹ 62.47 L
388006,Paradise Sai Suncity,1,"2 BHK Apartment
62.47 L - 69.38 L",654 SQ.FT,₹ 63.29 L
388006,Paradise Sai Suncity,1,"2 BHK Apartment
62.47 L - 69.38 L",717 SQ.FT,₹ 69.38 L
405789,Pacific One Pyramid,1,"2 BHK Apartment
1.8 Cr - 2 Cr",1410 SQ.FT,"₹ 1.8 Cr
i"
405789,Pacific One Pyramid,1,"2 BHK Apartment
1.8 Cr - 2 Cr",684 SQ.FT,"₹ 1.9 Cr
i"
405789,Pacific One Pyramid,1,"2 BHK Apartment
1.8 Cr - 2 Cr",758 SQ.FT,"₹ 2 Cr
i"
405789,Pacific One Pyramid,1,"3 BHK Apartment
2.75 Cr - 3.35 Cr",2040 SQ.FT,"₹ 2.75 Cr
i"
405789,Pacific One Pyramid,1,"3 BHK Apartment
2.75 Cr - 3.35 Cr",1033 SQ.FT,"₹ 2.75 Cr
i"
405789,Pacific One Pyramid,1,"3 BHK Apartment
2.75 Cr - 3.35 Cr",1260 SQ.FT,"₹ 3.35 Cr
i"
433863,Kamdhenu Crown,1,2 BHK Apartment,849 SQ.FT,Price on Request
433863,Kamdhenu Crown,1,2 BHK Apartment,850 SQ.FT,₹ 1.52 Cr
433863,Kamdhenu Crown,1,2 BHK Apartment,855 SQ.FT,Price on Request
433863,Kamdhenu Crown,1,3 BHK Apartment,1480 SQ.FT,Price on Request
433863,Kamdhenu Crown,1,3 BHK Apartment,1485 SQ.FT,Price on Request
433863,Kamdhenu Crown,1,5 BHK Apartment,2435 SQ.FT,Price on Request
433863,Kamdhenu Crown,1,5 BHK Apartment,2465 SQ.FT,₹ 4.12 Cr
1239,BPTP Parklands Pride,1,"3 BHK Apartment
71 L - 74.58 L",1050 SQ.FT,₹ 71.0 L
1239,BPTP Parklands Pride,1,"3 BHK Apartment
71 L - 74.58 L",1103 SQ.FT,₹ 74.58 L
1239,BPTP Parklands Pride,1,"4 BHK Apartment
92.3 L - 1.22 Cr",1365 SQ.FT,₹ 92.3 L
1239,BPTP Parklands Pride,1,"4 BHK Apartment
92.3 L - 1.22 Cr",1382 SQ.FT,₹ 93.45 L
1239,BPTP Parklands Pride,1,"4 BHK Apartment
92.3 L - 1.22 Cr",1750 SQ.FT,₹ 1.18 Cr
1239,BPTP Parklands Pride,1,"4 BHK Apartment
92.3 L - 1.22 Cr",1803 SQ.FT,₹ 1.22 Cr
428412,Signature Global Titanium SPR,1,"3.5 BHK Apartment
4.73 Cr",2780 SQ.FT,₹ 4.73 Cr
428412,Signature Global Titanium SPR,1,"4 BHK Apartment
6.1 Cr - 6.27 Cr",3700 SQ.FT,₹ 6.1 Cr
428412,Signature Global Titanium SPR,1,"4 BHK Apartment
6.1 Cr - 6.27 Cr",3800 SQ.FT,₹ 6.27 Cr
428412,Signature Global Titanium SPR,1,"4.5 BHK Apartment
6.24 Cr",3780 SQ.FT,₹ 6.24 Cr
404456,Signature Global City 93,1,"2 BHK Apartment
1.11 Cr - 1.26 Cr",981 SQ.FT,₹ 1.11 Cr
404456,Signature Global City 93,1,"2 BHK Apartment
1.11 Cr - 1.26 Cr",1118 SQ.FT,₹ 1.26 Cr
404456,Signature Global City 93,1,"3 BHK Apartment
1.4 Cr - 1.51 Cr",1235 SQ.FT,₹ 1.4 Cr
404456,Signature Global City 93,1,"3 BHK Apartment
1.4 Cr - 1.51 Cr",1328 SQ.FT,₹ 1.5 Cr
404456,Signature Global City 93,1,"3 BHK Apartment
1.4 Cr - 1.51 Cr",1335 SQ.FT,₹ 1.51 Cr
404456,Signature Global City 93,1,"3.5 BHK Apartment
1.69 Cr - 1.73 Cr",1496 SQ.FT,₹ 1.69 Cr
404456,Signature Global City 93,1,"3.5 BHK Apartment
1.69 Cr - 1.73 Cr",1530 SQ.FT,₹ 1.73 Cr
405663,Satyam Altura,1,"2 BHK Apartment
2.06 Cr - 2.15 Cr",704 SQ.FT,₹ 2.06 Cr
405663,Satyam Altura,1,"2 BHK Apartment
2.06 Cr - 2.15 Cr",734 SQ.FT,₹ 2.15 Cr
405663,Satyam Altura,1,"3 BHK Apartment
3.5 Cr - 3.8 Cr",1194 SQ.FT,₹ 3.5 Cr
405663,Satyam Altura,1,"3 BHK Apartment
3.5 Cr - 3.8 Cr",1297 SQ.FT,₹ 3.8 Cr
426520,Conscient Parq,1,"3 BHK Apartment
3.2 Cr - 5.25 Cr",1063 SQ.FT,₹ 3.2 Cr
426520,Conscient Parq,1,"3 BHK Apartment
3.2 Cr - 5.25 Cr",1254 SQ.FT,₹ 3.77 Cr
426520,Conscient Parq,1,"3 BHK Apartment
3.2 Cr - 5.25 Cr",1255 SQ.FT,₹ 3.78 Cr
426520,Conscient Parq,1,"3 BHK Apartment
3.2 Cr - 5.25 Cr",1276 SQ.FT,₹ 3.84 Cr
426520,Conscient Parq,1,"3 BHK Apartment
3.2 Cr - 5.25 Cr",1277 SQ.FT,₹ 3.84 Cr
426520,Conscient Parq,1,"3 BHK Apartment
3.2 Cr - 5.25 Cr",1289 SQ.FT,₹ 3.88 Cr
426520,Conscient Parq,1,"3 BHK Apartment
3.2 Cr - 5.25 Cr",1363 SQ.FT,₹ 4.1 Cr
426520,Conscient Parq,1,"3 BHK Apartment
3.2 Cr - 5.25 Cr",1604 SQ.FT,₹ 4.83 Cr
426520,Conscient Parq,1,"3 BHK Apartment
3.2 Cr - 5.25 Cr",1617 SQ.FT,₹ 4.87 Cr
426520,Conscient Parq,1,"3 BHK Apartment
3.2 Cr - 5.25 Cr",1619 SQ.FT,₹ 4.87 Cr
426520,Conscient Parq,1,"3 BHK Apartment
3.2 Cr - 5.25 Cr",1732 SQ.FT,₹ 5.21 Cr
426520,Conscient Parq,1,"3 BHK Apartment
3.2 Cr - 5.25 Cr",1744 SQ.FT,₹ 5.25 Cr
426520,Conscient Parq,1,"4 BHK Apartment
4.63 Cr - 5.58 Cr",1537 SQ.FT,₹ 4.63 Cr
426520,Conscient Parq,1,"4 BHK Apartment
4.63 Cr - 5.58 Cr",1854 SQ.FT,₹ 5.58 Cr
422937,Krisumi Waterside Residences,1,"2 BHK Apartment
3.83 Cr - 4.32 Cr",1740 SQ.FT,₹ 3.83 Cr
422937,Krisumi Waterside Residences,1,"2 BHK Apartment
3.83 Cr - 4.32 Cr",1750 SQ.FT,₹ 3.85 Cr
422937,Krisumi Waterside Residences,1,"2 BHK Apartment
3.83 Cr - 4.32 Cr",1925 SQ.FT,₹ 4.24 Cr
422937,Krisumi Waterside Residences,1,"2 BHK Apartment
3.83 Cr - 4.32 Cr",1964 SQ.FT,₹ 4.32 Cr
422937,Krisumi Waterside Residences,1,"3 BHK Apartment
4.97 Cr - 5.94 Cr",2260 SQ.FT,₹ 4.97 Cr
422937,Krisumi Waterside Residences,1,"3 BHK Apartment
4.97 Cr - 5.94 Cr",2700 SQ.FT,₹ 5.94 Cr
422937,Krisumi Waterside Residences,1,"4 BHK Apartment
12 Cr - 15.69 Cr",5453 SQ.FT,₹ 12.0 Cr
422937,Krisumi Waterside Residences,1,"4 BHK Apartment
12 Cr - 15.69 Cr",5867 SQ.FT,₹ 12.91 Cr
422937,Krisumi Waterside Residences,1,"4 BHK Apartment
12 Cr - 15.69 Cr",7046 SQ.FT,₹ 15.5 Cr
422937,Krisumi Waterside Residences,1,"4 BHK Apartment
12 Cr - 15.69 Cr",7130 SQ.FT,₹ 15.69 Cr
427906,Sobha Altus,1,"Studio Apartment
1.74 Cr - 1.93 Cr",678 SQ.FT,"₹ 1.74 Cr
i"
427906,Sobha Altus,1,"Studio Apartment
1.74 Cr - 1.93 Cr",735 SQ.FT,"₹ 1.88 Cr
i"
427906,Sobha Altus,1,"Studio Apartment
1.74 Cr - 1.93 Cr",755 SQ.FT,"₹ 1.93 Cr
i"
427906,Sobha Altus,1,"3 BHK Apartment
7.8 Cr - 9.06 Cr",3045 SQ.FT,"₹ 7.8 Cr
i"
427906,Sobha Altus,1,"3 BHK Apartment
7.8 Cr - 9.06 Cr",3138 SQ.FT,"₹ 8.04 Cr
i"
427906,Sobha Altus,1,"3 BHK Apartment
7.8 Cr - 9.06 Cr",3231 SQ.FT,"₹ 8.27 Cr
i"
427906,Sobha Altus,1,"3 BHK Apartment
7.8 Cr - 9.06 Cr",3299 SQ.FT,"₹ 8.45 Cr
i"
427906,Sobha Altus,1,"3 BHK Apartment
7.8 Cr - 9.06 Cr",3537 SQ.FT,"₹ 9.06 Cr
i"
427906,Sobha Altus,1,"4 BHK Apartment
7.35 Cr - 10.45 Cr",2870 SQ.FT,"₹ 7.35 Cr
i"
427906,Sobha Altus,1,"4 BHK Apartment
7.35 Cr - 10.45 Cr",3340 SQ.FT,"₹ 8.56 Cr
i"
427906,Sobha Altus,1,"4 BHK Apartment
7.35 Cr - 10.45 Cr",3915 SQ.FT,"₹ 10.02 Cr
i"
427906,Sobha Altus,1,"4 BHK Apartment
7.35 Cr - 10.45 Cr",4009 SQ.FT,"₹ 10.27 Cr
i"
427906,Sobha Altus,1,"4 BHK Apartment
7.35 Cr - 10.45 Cr",4078 SQ.FT,"₹ 10.45 Cr
i"
26134,BPTP Amstoria,1,"6 BHK Villa
13.5 Cr",9000 SQ.FT,₹ 13.5 Cr
269936,Central Park Flower Valley Aqua Front Towers,1,"3 BHK Apartment
2.12 Cr - 2.84 Cr",1590 SQ.FT,₹ 2.12 Cr
269936,Central Park Flower Valley Aqua Front Towers,1,"3 BHK Apartment
2.12 Cr - 2.84 Cr",1789 SQ.FT,₹ 2.38 Cr
269936,Central Park Flower Valley Aqua Front Towers,1,"3 BHK Apartment
2.12 Cr - 2.84 Cr",2134 SQ.FT,₹ 2.84 Cr
269936,Central Park Flower Valley Aqua Front Towers,1,"4 BHK Apartment
3.2 Cr - 3.46 Cr",2407 SQ.FT,₹ 3.2 Cr
269936,Central Park Flower Valley Aqua Front Towers,1,"4 BHK Apartment
3.2 Cr - 3.46 Cr",2600 SQ.FT,₹ 3.46 Cr
405529,Navraj The Antalyas,1,"3 BHK Apartment
2.59 Cr - 2.94 Cr",2071 SQ.FT,₹ 2.59 Cr
405529,Navraj The Antalyas,1,"3 BHK Apartment
2.59 Cr - 2.94 Cr",2250 SQ.FT,₹ 2.81 Cr
405529,Navraj The Antalyas,1,"3 BHK Apartment
2.59 Cr - 2.94 Cr",2350 SQ.FT,₹ 2.94 Cr
405529,Navraj The Antalyas,1,"4 BHK Apartment
2.99 Cr - 3.19 Cr",2390 SQ.FT,₹ 2.99 Cr
405529,Navraj The Antalyas,1,"4 BHK Apartment
2.99 Cr - 3.19 Cr",2550 SQ.FT,₹ 3.19 Cr
405529,Navraj The Antalyas,1,"4 BHK Apartment
2.99 Cr - 3.19 Cr",2553 SQ.FT,₹ 3.19 Cr
400436,Ivory County,1,"4 BHK Apartment
5.78 Cr - 6.83 Cr",3987 SQ.FT,₹ 5.78 Cr
400436,Ivory County,1,"4 BHK Apartment
5.78 Cr - 6.83 Cr",4707 SQ.FT,₹ 6.83 Cr
400436,Ivory County,1,"5 BHK Apartment
10.06 Cr",6939 SQ.FT,₹ 10.06 Cr
7662,Paramount Golfforeste,1,"2.5 BHK Villa
1.48 Cr",1650 SQ.FT,₹ 1.48 Cr
7662,Paramount Golfforeste,1,"3 BHK Villa
1.3 Cr - 1.99 Cr",1450 SQ.FT,₹ 1.3 Cr
7662,Paramount Golfforeste,1,"3 BHK Villa
1.3 Cr - 1.99 Cr",1507 SQ.FT,₹ 1.35 Cr
7662,Paramount Golfforeste,1,"3 BHK Villa
1.3 Cr - 1.99 Cr",1650 SQ.FT,₹ 1.48 Cr
7662,Paramount Golfforeste,1,"3 BHK Villa
1.3 Cr - 1.99 Cr",1742 SQ.FT,₹ 1.56 Cr
7662,Paramount Golfforeste,1,"3 BHK Villa
1.3 Cr - 1.99 Cr",2185 SQ.FT,₹ 1.96 Cr
7662,Paramount Golfforeste,1,"3 BHK Villa
1.3 Cr - 1.99 Cr",2220 SQ.FT,₹ 1.99 Cr
7662,Paramount Golfforeste,1,"3.5 BHK Villa
1.23 Cr",1370 SQ.FT,₹ 1.23 Cr
7662,Paramount Golfforeste,1,"4 BHK Villa
2.19 Cr - 2.69 Cr",2452 SQ.FT,₹ 2.19 Cr
7662,Paramount Golfforeste,1,"4 BHK Villa
2.19 Cr - 2.69 Cr",2485 SQ.FT,₹ 2.22 Cr
7662,Paramount Golfforeste,1,"4 BHK Villa
2.19 Cr - 2.69 Cr",3008 SQ.FT,₹ 2.69 Cr
123483,ACE Divino,1,"2 BHK Apartment
100 L - 1.43 Cr",995 SQ.FT,₹ 1.0 Cr
123483,ACE Divino,1,"2 BHK Apartment
100 L - 1.43 Cr",1050 SQ.FT,₹ 1.06 Cr
123483,ACE Divino,1,"2 BHK Apartment
100 L - 1.43 Cr",1420 SQ.FT,₹ 1.43 Cr
123483,ACE Divino,1,"2.5 BHK Apartment
1.25 Cr",1245 SQ.FT,₹ 1.25 Cr
123483,ACE Divino,1,"3 BHK Apartment
1.43 Cr - 1.57 Cr",1425 SQ.FT,₹ 1.43 Cr
123483,ACE Divino,1,"3 BHK Apartment
1.43 Cr - 1.57 Cr",1540 SQ.FT,₹ 1.55 Cr
123483,ACE Divino,1,"3 BHK Apartment
1.43 Cr - 1.57 Cr",1565 SQ.FT,₹ 1.57 Cr
123483,ACE Divino,1,"4 BHK Penthouse
1.76 Cr - 2.93 Cr",1750 SQ.FT,₹ 1.76 Cr
123483,ACE Divino,1,"4 BHK Penthouse
1.76 Cr - 2.93 Cr",1850 SQ.FT,₹ 1.86 Cr
123483,ACE Divino,1,"4 BHK Penthouse
1.76 Cr - 2.93 Cr",2315 SQ.FT,₹ 2.33 Cr
123483,ACE Divino,1,"4 BHK Penthouse
1.76 Cr - 2.93 Cr",2790 SQ.FT,₹ 2.93 Cr
123483,ACE Divino,1,"4 BHK Apartment
1.88 Cr",1875 SQ.FT,₹ 1.88 Cr
425712,SKA Destiny One,1,"3 BHK Apartment
1.99 Cr - 2.62 Cr",1603 SQ.FT,₹ 1.99 Cr
425712,SKA Destiny One,1,"3 BHK Apartment
1.99 Cr - 2.62 Cr",2107 SQ.FT,₹ 2.62 Cr
425712,SKA Destiny One,1,"3.5 BHK Apartment
2.18 Cr",1757 SQ.FT,₹ 2.18 Cr
425712,SKA Destiny One,1,"4 BHK Apartment
3.73 Cr",3007 SQ.FT,₹ 3.73 Cr
430268,Raheja Lunaris,1,"2 BHK Apartment
1.1 Cr - 1.49 Cr",452 SQ.FT,₹ 1.1 Cr
430268,Raheja Lunaris,1,"2 BHK Apartment
1.1 Cr - 1.49 Cr",649 SQ.FT,₹ 1.49 Cr
426743,Kamdhenu Grandeur,1,"1 BHK Apartment
2.36 Cr",537 SQ.FT,₹ 2.36 Cr
426743,Kamdhenu Grandeur,1,"2 BHK Apartment
1.99 Cr - 3.45 Cr",454 SQ.FT,₹ 1.99 Cr
426743,Kamdhenu Grandeur,1,"2 BHK Apartment
1.99 Cr - 3.45 Cr",456 SQ.FT,₹ 2.0 Cr
426743,Kamdhenu Grandeur,1,"2 BHK Apartment
1.99 Cr - 3.45 Cr",687 SQ.FT,₹ 3.01 Cr
426743,Kamdhenu Grandeur,1,"2 BHK Apartment
1.99 Cr - 3.45 Cr",704 SQ.FT,₹ 3.09 Cr
426743,Kamdhenu Grandeur,1,"2 BHK Apartment
1.99 Cr - 3.45 Cr",707 SQ.FT,₹ 3.1 Cr
426743,Kamdhenu Grandeur,1,"2 BHK Apartment
1.99 Cr - 3.45 Cr",775 SQ.FT,₹ 3.4 Cr
426743,Kamdhenu Grandeur,1,"2 BHK Apartment
1.99 Cr - 3.45 Cr",786 SQ.FT,₹ 3.45 Cr
