298821,Kalpataru Vista,3 BHK 2007 Sq. Ft. Apartment,1608 Sq. Ft.,Rs 6.02 Cr
298821,Kalpataru Vista,3 BHK 2031 Sq. Ft. Apartment,1630 Sq. Ft.,Rs 6.09 Cr
298821,Kalpataru Vista,4 BHK 2603 Sq. Ft. Apartment,2100 Sq. Ft.,Rs 7.42 Cr
298821,Kalpataru Vista,4 BHK 2763 Sq. Ft. Apartment,2126 Sq. Ft.,Rs 7.88 Cr
1223,Sikka Kaamna Greens,2 BHK 1150 Sq. Ft. Apartment,702 Sq. Ft.,Rs 1.55 Cr
1223,Sikka Kaamna Greens,2 BHK 1315 Sq. Ft. Apartment,819 Sq. Ft.,Rs 1.77 Cr
1223,Sikka Kaamna Greens,3 BHK 1466 Sq. Ft. Apartment,905 Sq. Ft.,Rs 1.97 Cr
1223,Sikka Kaamna Greens,3 BHK 1700 Sq. Ft. Apartment,1115 Sq. Ft.,Rs 2.28 Cr
1223,Sikka Kaamna Greens,4 BHK 2075 Sq. Ft. Apartment,1364 Sq. Ft.,Rs 2.78 Cr
332831,Prateek Canary,3 BHK 1700 Sq. Ft. Apartment,1138 Sq. Ft.,Rs 2.43 Cr
332831,Prateek Canary,3 BHK 2040 Sq. Ft. Apartment,1346 Sq. Ft.,Rs 2.92 Cr
332831,Prateek Canary,3 BHK 2555 Sq. Ft. Apartment,1618 Sq. Ft.,Rs 3.65 Cr
332831,Prateek Canary,4 BHK 3355 Sq. Ft. Apartment,2067 Sq. Ft.,Rs 4.80 Cr
400435,CRC Joyous,2 BHK 1040 Sq. Ft. Apartment,637 Sq. Ft.,Rs 1.12 Cr
400435,CRC Joyous,2 BHK 1230 Sq. Ft. Apartment,736 Sq. Ft.,Rs 1.36 Cr
400435,CRC Joyous,3 BHK 1575 Sq. Ft. Apartment,991 Sq. Ft.,Rs 1.84 Cr
400435,CRC Joyous,3 BHK 1395 Sq. Ft. Apartment,875 Sq. Ft.,Rs 1.58 Cr
400435,CRC Joyous,4 BHK 1780 Sq. Ft. Apartment,1121 Sq. Ft.,Rs 2.07 Cr
303,Jaypee Greens Kalypso Court,2 BHK 1790 Sq. Ft. Apartment,1790 Sq. Ft.,Rs 2.24 Cr
123445,ACE Parkway,2 BHK 1085 Sq. Ft. Apartment,700 Sq. Ft.,Rs 1.63 Cr
123445,ACE Parkway,3 BHK 2460 Sq. Ft. Apartment,1505 Sq. Ft.,Rs 3.81 Cr
123445,ACE Parkway,3 BHK 1395 Sq. Ft. Apartment,882 Sq. Ft.,Rs 2.09 Cr
123445,ACE Parkway,4 BHK 3220 Sq. Ft. Apartment,1994 Sq. Ft.,Rs 4.97 Cr
375353,SKA Orion,3 BHK 1300 Sq. Ft. Apartment,760 Sq. Ft.,Rs 1.74 Cr
375353,SKA Orion,3 BHK 1900 Sq. Ft. Apartment,1118 Sq. Ft.,Rs 2.55 Cr
2,Omaxe Twin Towers,3 BHK 2150 Sq. Ft. Apartment,2150 Sq. Ft.,Rs 1.74 Cr
2,Omaxe Twin Towers,4 BHK 4182 Sq. Ft. Penthouse,4182 Sq. Ft.,Rs 3.33 Cr
2,Omaxe Twin Towers,5 BHK 4464 Sq. Ft. Penthouse,4464 Sq. Ft.,Rs 3.55 Cr
270000,Tata Eureka Park,2 BHK 1100 Sq. Ft. Apartment,1100 Sq. Ft.,Rs 1.32 Cr
270000,Tata Eureka Park,3 BHK 1285 Sq. Ft. Apartment,1285 Sq. Ft.,Rs 1.54 Cr
270000,Tata Eureka Park,3 BHK 1575 Sq. Ft. Apartment,1575 Sq. Ft.,Rs 1.89 Cr
409753,Godrej Tropical Isle,3 BHK 1800 Sq. Ft. Apartment,1800 Sq. Ft.,Rs 3.10 Cr
409753,Godrej Tropical Isle,3 BHK 2500 Sq. Ft. Apartment,2500 Sq. Ft.,Rs 4.30 Cr
409753,Godrej Tropical Isle,4 BHK 3250 Sq. Ft. Apartment,3250 Sq. Ft.,Rs 5.59 Cr
425268,Godrej Jardinia,3 BHK 1758 Sq. Ft. Apartment,1758 Sq. Ft.,Rs 3.55 Cr
425268,Godrej Jardinia,3 BHK 2432 Sq. Ft. Apartment,2432 Sq. Ft.,Rs 4.91 Cr
425268,Godrej Jardinia,4 BHK 3221 Sq. Ft. Apartment,3221 Sq. Ft.,Rs 6.50 Cr
376821,ATS Kingston Heath,3 BHK 2350 Sq. Ft. Apartment,1519 Sq. Ft.,Rs 3.76 Cr
376821,ATS Kingston Heath,4 BHK 3300 Sq. Ft. Apartment,2251 Sq. Ft.,Rs 5.28 Cr
344889,Gulshan Dynasty,4 BHK 4700 Sq. Ft. Apartment,2782 Sq. Ft.,Rs 9.63 Cr
378409,Ace Starlit,2 BHK 1350 Sq. Ft. Apartment,804 Sq. Ft.,Rs 2.36 Cr
378409,Ace Starlit,2 BHK 1360 Sq. Ft. Apartment,815 Sq. Ft.,Rs 2.38 Cr
378409,Ace Starlit,3 BHK 1775 Sq. Ft. Apartment,1181 Sq. Ft.,Rs 3.11 Cr
378409,Ace Starlit,3 BHK 1785 Sq. Ft. Apartment,1185 Sq. Ft.,Rs 3.12 Cr
290685,Godrej Nest,2 BHK 893 Sq. Ft. Apartment,742 Sq. Ft.,Rs 87.73 Lac
290685,Godrej Nest,3 BHK 1098 Sq. Ft. Apartment,893 Sq. Ft.,Rs 1.08 Cr
290685,Godrej Nest,3 BHK 1367 Sq. Ft. Apartment,1130 Sq. Ft.,Rs 1.34 Cr
290685,Godrej Nest,3 BHK 1485 Sq. Ft. Apartment,1227 Sq. Ft.,Rs 1.46 Cr
290685,Godrej Nest,3 BHK 1636 Sq. Ft. Apartment,1356 Sq. Ft.,Rs 1.61 Cr
290685,Godrej Nest,4 BHK 4295 Sq. Ft. Penthouse,3509 Sq. Ft.,Rs 4.22 Cr
290685,Godrej Nest,4 BHK 3444 Sq. Ft. Penthouse,2756 Sq. Ft.,Rs 3.38 Cr
382046,ATS Homekraft Pious Orchards,3 BHK 2350 Sq. Ft. Apartment,1430 Sq. Ft.,Rs 3.29 Cr
382046,ATS Homekraft Pious Orchards,5 BHK 3200 Sq. Ft. Apartment,2040 Sq. Ft.,Rs 4.48 Cr
10130,ATS Pristine,3 BHK 1750 Sq. Ft. Apartment,1750 Sq. Ft.,Rs 2.86 Cr
10130,ATS Pristine,3 BHK 2300 Sq. Ft. Apartment,2300 Sq. Ft.,Rs 3.75 Cr
10130,ATS Pristine,4 BHK 3200 Sq. Ft. Apartment,3200 Sq. Ft.,Rs 5.18 Cr
410631,M3M The Cullinan,3 BHK 3200 Sq. Ft. Apartment,3200 Sq. Ft.,Rs 8.00 Cr
410631,M3M The Cullinan,4 BHK 4200 Sq. Ft. Apartment,4200 Sq. Ft.,Rs 10.92 Cr
410631,M3M The Cullinan,4 BHK 4315 Sq. Ft. Apartment,4315 Sq. Ft.,Rs 11.21 Cr
410631,M3M The Cullinan,5 BHK 5935 Sq. Ft. Apartment,5935 Sq. Ft.,Rs 17.80 Cr
410631,M3M The Cullinan,5 BHK 6220 Sq. Ft. Apartment,6220 Sq. Ft.,Rs 18.65 Cr
410631,M3M The Cullinan,210 Sq. Ft. Retail Shop,210 Sq. Ft.,Rs 68.25 Lac
410631,M3M The Cullinan,750 Sq. Ft. Retail Shop,750 Sq. Ft.,Rs 2.44 Cr
326229,ATS Homekraft Pious Hideaways,3 BHK 1400 Sq. Ft. Apartment,870 Sq. Ft.,Rs 1.38 Cr
326229,ATS Homekraft Pious Hideaways,3 BHK 1615 Sq. Ft. Apartment,975 Sq. Ft.,Rs 1.59 Cr
326229,ATS Homekraft Pious Hideaways,3 BHK 1675 Sq. Ft. Apartment,1020 Sq. Ft.,Rs 1.65 Cr
269167,Godrej Golf Links Evoke,4 BHK 4177 Sq. Ft. Villa,4177 Sq. Ft.,Rs 4.51 Cr
269167,Godrej Golf Links Evoke,4 BHK 5335 Sq. Ft. Villa,5335 Sq. Ft.,Rs 5.76 Cr
409011,Fusion The Rivulet,3 BHK 1350 Sq. Ft. Apartment,1350 Sq. Ft.,Rs 1.38 Cr
409011,Fusion The Rivulet,3 BHK 1545 Sq. Ft. Apartment,1545 Sq. Ft.,Rs 1.58 Cr
409011,Fusion The Rivulet,4 BHK 2010 Sq. Ft. Apartment,2010 Sq. Ft.,Rs 2.05 Cr
433611,Renowned Renox Thrive,2 BHK 1066 Sq. Ft. Apartment,1066 Sq. Ft.,Rs 95.94 Lac
433611,Renowned Renox Thrive,2 BHK 1302 Sq. Ft. Apartment,1302 Sq. Ft.,Rs 1.17 Cr
433611,Renowned Renox Thrive,3 BHK 1582 Sq. Ft. Apartment,1582 Sq. Ft.,Rs 1.42 Cr
433611,Renowned Renox Thrive,3 BHK 1953 Sq. Ft. Apartment,1953 Sq. Ft.,Rs 1.76 Cr
433611,Renowned Renox Thrive,4 BHK 2566 Sq. Ft. Apartment,2566 Sq. Ft.,Rs 2.31 Cr
433611,Renowned Renox Thrive,4 BHK 2644 Sq. Ft. Apartment,2644 Sq. Ft.,Rs 2.38 Cr
433855,Ace Hanei,3 BHK 2290 Sq. Ft. Apartment,2290 Sq. Ft.,Rs 2.86 Cr
433855,Ace Hanei,4 BHK 3200 Sq. Ft. Apartment,3200 Sq. Ft.,Rs 4.00 Cr
433855,Ace Hanei,4 BHK 4190 Sq. Ft. Apartment,4190 Sq. Ft.,Rs 5.24 Cr
373839,Civitech Strings,2 BHK 1090 Sq. Ft. Apartment,615 Sq. Ft.,Rs 1.14 Cr
373839,Civitech Strings,3 BHK 1250 Sq. Ft. Apartment,642 Sq. Ft.,Rs 1.31 Cr
373839,Civitech Strings,3 BHK 1275 Sq. Ft. Apartment,644 Sq. Ft.,Rs 1.34 Cr
7894,Capital Athena,2 BHK 1060 Sq. Ft. Apartment,1060 Sq. Ft.,Rs 82.25 Lac
7894,Capital Athena,3 BHK 1635 Sq. Ft. Apartment,1635 Sq. Ft.,Rs 1.25 Cr
7894,Capital Athena,3 BHK 1795 Sq. Ft. Apartment,1795 Sq. Ft.,Rs 1.37 Cr
7894,Capital Athena,3 BHK 2095 Sq. Ft. Apartment,2095 Sq. Ft.,Rs 1.59 Cr
7894,Capital Athena,4 BHK 2600 Sq. Ft. Apartment,2600 Sq. Ft.,Rs 1.96 Cr
395716,Fusion The Brook,2 BHK 1115 Sq. Ft. Apartment,1115 Sq. Ft.,Rs 1.06 Cr
395716,Fusion The Brook,3 BHK 1200 Sq. Ft. Apartment,1200 Sq. Ft.,Rs 1.14 Cr
395716,Fusion The Brook,3 BHK 1535 Sq. Ft. Apartment,1535 Sq. Ft.,Rs 1.46 Cr
395716,Fusion The Brook,4 BHK 2000 Sq. Ft. Apartment,2000 Sq. Ft.,Rs 1.90 Cr
402728,Sublime Spring Elmas,3 BHK 1355 Sq. Ft. Apartment,1355 Sq. Ft.,Rs 1.49 Cr
402728,Sublime Spring Elmas,3 BHK 1895 Sq. Ft. Apartment,1895 Sq. Ft.,Rs 2.08 Cr
402728,Sublime Spring Elmas,4 BHK 2450 Sq. Ft. Apartment,2450 Sq. Ft.,Rs 2.69 Cr
430219,Eros Sampoornam III,2 BHK 835 Sq. Ft. Apartment,532 Sq. Ft.,Rs 72.64 Lac
430219,Eros Sampoornam III,2 BHK 1060 Sq. Ft. Apartment,665 Sq. Ft.,Rs 92.22 Lac
430219,Eros Sampoornam III,3 BHK 1350 Sq. Ft. Apartment,790 Sq. Ft.,Rs 1.17 Cr
430219,Eros Sampoornam III,3 BHK 1800 Sq. Ft. Apartment,1069 Sq. Ft.,Rs 1.57 Cr
336331,ATS Destinaire,3 BHK 1900 Sq. Ft. Apartment,1220 Sq. Ft.,Rs 2.47 Cr
336331,ATS Destinaire,4 BHK 2550 Sq. Ft. Apartment,1645 Sq. Ft.,Rs 3.31 Cr
270729,ATS Rhapsody,3 BHK 2400 Sq. Ft. Apartment,2400 Sq. Ft.,Rs 1.99 Cr
270729,ATS Rhapsody,3 BHK 1800 Sq. Ft. Apartment,1800 Sq. Ft.,Rs 1.46 Cr
269397,ATS Picturesque Reprieves,3 BHK 1850 Sq. Ft. Apartment,1240 Sq. Ft.,Rs 2.96 Cr
269397,ATS Picturesque Reprieves,3 BHK 2350 Sq. Ft. Apartment,1470 Sq. Ft.,Rs 3.76 Cr
269397,ATS Picturesque Reprieves,4 BHK 3200 Sq. Ft. Apartment,2059 Sq. Ft.,Rs 5.12 Cr
379918,Nimbus Express Park View - II,2 BHK 1057 Sq. Ft. Apartment,1057 Sq. Ft.,Rs 89.00 Lac
379918,Nimbus Express Park View - II,2 BHK 1192 Sq. Ft. Apartment,1192 Sq. Ft.,Rs 1.00 Cr
379918,Nimbus Express Park View - II,3 BHK 1567 Sq. Ft. Apartment,1567 Sq. Ft.,Rs 1.31 Cr
379918,Nimbus Express Park View - II,3 BHK 1774 Sq. Ft. Apartment,1774 Sq. Ft.,Rs 1.49 Cr
379918,Nimbus Express Park View - II,4 BHK 2191 Sq. Ft. Apartment,2191 Sq. Ft.,Rs 1.83 Cr
426159,Nimbus The Palm Village,1 BHK 525 Sq. Ft. Apartment,248 Sq. Ft.,Rs 55.00 Lac
426159,Nimbus The Palm Village,3 BHK 2150 Sq. Ft. Ind Floor,1128 Sq. Ft.,Rs 1.67 Cr
426159,Nimbus The Palm Village,3 BHK 2100 Sq. Ft. Ind Floor,1066 Sq. Ft.,Rs 1.63 Cr
426159,Nimbus The Palm Village,3 BHK 2175 Sq. Ft. Ind Floor,1128 Sq. Ft.,Rs 1.69 Cr
414339,Experion Elements,3 BHK 2800 Sq. Ft. Apartment,2800 Sq. Ft.,Rs 5.60 Cr
414339,Experion Elements,4 BHK 3200 Sq. Ft. Apartment,3200 Sq. Ft.,Rs 6.40 Cr
403945,Irish Platinum,3 BHK 1390 Sq. Ft. Apartment,1390 Sq. Ft.,Rs 1.66 Cr
403945,Irish Platinum,3 BHK 1925 Sq. Ft. Apartment,1925 Sq. Ft.,Rs 2.30 Cr
403945,Irish Platinum,4 BHK 2150 Sq. Ft. Apartment,2150 Sq. Ft.,Rs 2.56 Cr
403945,Irish Platinum,4 BHK 2550 Sq. Ft. Apartment,2550 Sq. Ft.,Rs 3.04 Cr
7662,Paramount Golfforeste Villas,3 BHK 1650 Sq. Ft. Villa,1650 Sq. Ft.,Rs 75.00 Lac
7662,Paramount Golfforeste Villas,3 BHK 1742 Sq. Ft. Villa,1742 Sq. Ft.,Rs 97.00 Lac
7662,Paramount Golfforeste Villas,3 BHK 2220 Sq. Ft. Villa,2220 Sq. Ft.,Rs 1.24 Cr
7662,Paramount Golfforeste Villas,3 BHK 2185 Sq. Ft. Villa,2185 Sq. Ft.,Rs 1.22 Cr
7662,Paramount Golfforeste Villas,4 BHK 2452 Sq. Ft. Villa,2452 Sq. Ft.,Rs 1.46 Cr
7662,Paramount Golfforeste Villas,4 BHK 3008 Sq. Ft. Villa,3008 Sq. Ft.,Rs 2.00 Cr
10412,Purvanchal Royal City,3 BHK 1725 Sq. Ft. Apartment,1725 Sq. Ft.,Rs 1.70 Cr
10412,Purvanchal Royal City,3 BHK 1735 Sq. Ft. Apartment,1735 Sq. Ft.,Rs 1.71 Cr
10412,Purvanchal Royal City,4 BHK 2510 Sq. Ft. Apartment,2510 Sq. Ft.,Rs 2.47 Cr
10412,Purvanchal Royal City,5 BHK 5130 Sq. Ft. Penthouse,5130 Sq. Ft.,Rs 5.05 Cr
302889,ATS Happy Trails,2 BHK 1165 Sq. Ft. Apartment,720 Sq. Ft.,Rs 1.39 Cr
302889,ATS Happy Trails,3 BHK 1385 Sq. Ft. Apartment,930 Sq. Ft.,Rs 1.65 Cr
302889,ATS Happy Trails,3 BHK 1625 Sq. Ft. Apartment,1010 Sq. Ft.,Rs 1.93 Cr
123483,Ace Divino,2 BHK 945 Sq. Ft. Apartment,594 Sq. Ft.,Rs 1.13 Cr
123483,Ace Divino,2 BHK 1050 Sq. Ft. Apartment,625 Sq. Ft.,Rs 1.26 Cr
123483,Ace Divino,2 BHK 1245 Sq. Ft. Apartment,754 Sq. Ft.,Rs 1.49 Cr
123483,Ace Divino,3 BHK 1565 Sq. Ft. Apartment,933 Sq. Ft.,Rs 1.88 Cr
123483,Ace Divino,3 BHK 1750 Sq. Ft. Penthouse,933 Sq. Ft.,Rs 2.10 Cr
123483,Ace Divino,3 BHK 2315 Sq. Ft. Penthouse,1222 Sq. Ft.,Rs 2.78 Cr
123483,Ace Divino,4 BHK 1875 Sq. Ft. Apartment,1127 Sq. Ft.,Rs 2.25 Cr
123483,Ace Divino,4 BHK 2790 Sq. Ft. Penthouse,1595 Sq. Ft.,Rs 3.35 Cr
12900,Fusion Homes,2 BHK 1035 Sq. Ft. Apartment,1035 Sq. Ft.,Rs 72.45 Lac
12900,Fusion Homes,2 BHK 925 Sq. Ft. Apartment,925 Sq. Ft.,Rs 64.75 Lac
12900,Fusion Homes,3 BHK 1430 Sq. Ft. Apartment,1430 Sq. Ft.,Rs 1.00 Cr
12900,Fusion Homes,3 BHK 1635 Sq. Ft. Apartment,1635 Sq. Ft.,Rs 1.14 Cr
12900,Fusion Homes,3 BHK 1980 Sq. Ft. Apartment,1980 Sq. Ft.,Rs 1.39 Cr
12900,Fusion Homes,4 BHK 2045 Sq. Ft. Apartment,2045 Sq. Ft.,Rs 1.43 Cr
10356,Oasis GrandStand,1 BHK 790 Sq. Ft. Apartment,790 Sq. Ft.,Rs 70.92 Lac
10356,Oasis GrandStand,2 BHK 920 Sq. Ft. Apartment,920 Sq. Ft.,Rs 82.11 Lac
10356,Oasis GrandStand,2 BHK 1045 Sq. Ft. Apartment,1045 Sq. Ft.,Rs 92.87 Lac
10356,Oasis GrandStand,3 BHK 1405 Sq. Ft. Apartment,1405 Sq. Ft.,Rs 1.24 Cr
10356,Oasis GrandStand,3 BHK 1495 Sq. Ft. Apartment,1495 Sq. Ft.,Rs 1.32 Cr
10412,Purvanchal Royal City,3 BHK 1725 Sq. Ft. Apartment,1725 Sq. Ft.,Rs 1.70 Cr
10412,Purvanchal Royal City,3 BHK 1735 Sq. Ft. Apartment,1735 Sq. Ft.,Rs 1.71 Cr
10412,Purvanchal Royal City,4 BHK 2510 Sq. Ft. Apartment,2510 Sq. Ft.,Rs 2.47 Cr
10412,Purvanchal Royal City,5 BHK 5130 Sq. Ft. Penthouse,5130 Sq. Ft.,Rs 5.05 Cr
333811,ATS Nobility,3 BHK 1675 Sq. Ft. Apartment,1675 Sq. Ft.,Rs 1.93 Cr
425033,ACE Terra,3 BHK 1770 Sq. Ft. Apartment,1770 Sq. Ft.,Rs 1.77 Cr
425033,ACE Terra,3 BHK 2395 Sq. Ft. Apartment,2395 Sq. Ft.,Rs 2.39 Cr
425033,ACE Terra,4 BHK 3025 Sq. Ft. Apartment,3025 Sq. Ft.,Rs 3.02 Cr
430588,CRC Maesta,3 BHK 1720 Sq. Ft. Apartment,1720 Sq. Ft.,Rs 2.32 Cr
430588,CRC Maesta,3 BHK 1975 Sq. Ft. Apartment,1975 Sq. Ft.,Rs 2.67 Cr
430588,CRC Maesta,3 BHK 2295 Sq. Ft. Apartment,2295 Sq. Ft.,Rs 3.10 Cr
430588,CRC Maesta,4 BHK 2650 Sq. Ft. Apartment,2650 Sq. Ft.,Rs 3.58 Cr
327273,ABA County 107,4 BHK 3501 Sq. Ft. Apartment,2085 Sq. Ft.,Rs 7.70 Cr
327273,ABA County 107,4 BHK 4482 Sq. Ft. Apartment,2570 Sq. Ft.,Rs 9.86 Cr
327273,ABA County 107,5 BHK 6570 Sq. Ft. Apartment,3904 Sq. Ft.,Rs 14.45 Cr
400436,Ivory County,3 BHK 2034 Sq. Ft. Apartment,2034 Sq. Ft.,Rs 3.25 Cr
400436,Ivory County,3 BHK 2304 Sq. Ft. Apartment,2304 Sq. Ft.,Rs 3.69 Cr
400436,Ivory County,4 BHK 2727 Sq. Ft. Apartment,2727 Sq. Ft.,Rs 4.36 Cr
400436,Ivory County,4 BHK 4707 Sq. Ft. Apartment,4707 Sq. Ft.,Rs 7.53 Cr
400436,Ivory County,5 BHK 6943 Sq. Ft. Apartment,6943 Sq. Ft.,Rs 11.11 Cr
123483,Ace Divino,2 BHK 945 Sq. Ft. Apartment,594 Sq. Ft.,Rs 1.13 Cr
123483,Ace Divino,2 BHK 1050 Sq. Ft. Apartment,625 Sq. Ft.,Rs 1.26 Cr
123483,Ace Divino,2 BHK 1245 Sq. Ft. Apartment,754 Sq. Ft.,Rs 1.49 Cr
123483,Ace Divino,3 BHK 1565 Sq. Ft. Apartment,933 Sq. Ft.,Rs 1.88 Cr
123483,Ace Divino,3 BHK 1750 Sq. Ft. Penthouse,933 Sq. Ft.,Rs 2.10 Cr
123483,Ace Divino,3 BHK 2315 Sq. Ft. Penthouse,1222 Sq. Ft.,Rs 2.78 Cr
123483,Ace Divino,4 BHK 1875 Sq. Ft. Apartment,1127 Sq. Ft.,Rs 2.25 Cr
123483,Ace Divino,4 BHK 2790 Sq. Ft. Penthouse,1595 Sq. Ft.,Rs 3.35 Cr
425712,SKA Destiny One,3 BHK 1603 Sq. Ft. Apartment,933 Sq. Ft.,Rs 1.66 Cr
425712,SKA Destiny One,3 BHK 2107 Sq. Ft. Apartment,1213 Sq. Ft.,Rs 2.18 Cr
425712,SKA Destiny One,4 BHK 2386 Sq. Ft. Apartment,1781 Sq. Ft.,Rs 2.47 Cr
373410,Apex Alphabet,3 BHK 1237 Sq. Ft. Apartment,700 Sq. Ft.,Rs 1.11 Cr
373410,Apex Alphabet,3 BHK 1987 Sq. Ft. Apartment,1191 Sq. Ft.,Rs 1.79 Cr
373410,Apex Alphabet,4 BHK 3070 Sq. Ft. Apartment,1719 Sq. Ft.,Rs 2.76 Cr
373829,Orris Greenbay Golf Village Plots,3150 Sq. Ft. Plot,3150 Sq. Ft.,Rs 2.83 Cr
373829,Orris Greenbay Golf Village Plots,6750 Sq. Ft. Plot,6750 Sq. Ft.,Rs 6.08 Cr
4462,ABA Cherry County,2 BHK 891 Sq. Ft. Apartment,560 Sq. Ft.,Rs 70.19 Lac
4462,ABA Cherry County,3 BHK 1206 Sq. Ft. Apartment,719 Sq. Ft.,Rs 93.77 Lac
4462,ABA Cherry County,3 BHK 1521 Sq. Ft. Apartment,954 Sq. Ft.,Rs 1.17 Cr
4462,ABA Cherry County,3 BHK 1620 Sq. Ft. Apartment,1023 Sq. Ft.,Rs 1.25 Cr
4462,ABA Cherry County,4 BHK 2232 Sq. Ft. Apartment,1376 Sq. Ft.,Rs 1.71 Cr
4462,ABA Cherry County,308 Sq. Ft. Retail Shop,308 Sq. Ft.,Price on Request
6356,Kumar Imperial Greens,2 BHK 1105 Sq. Ft. Apartment,1105 Sq. Ft.,Rs 87.61 Lac
6356,Kumar Imperial Greens,2 BHK 1175 Sq. Ft. Apartment,1175 Sq. Ft.,Rs 92.98 Lac
6356,Kumar Imperial Greens,3 BHK 1490 Sq. Ft. Apartment,1490 Sq. Ft.,Rs 1.17 Cr
6356,Kumar Imperial Greens,3 BHK 1565 Sq. Ft. Apartment,1565 Sq. Ft.,Rs 1.23 Cr
6356,Kumar Imperial Greens,3 BHK 1990 Sq. Ft. Apartment,1990 Sq. Ft.,Rs 1.56 Cr
373245,Express Astra,2 BHK 1150 Sq. Ft. Apartment,1150 Sq. Ft.,Rs 1.42 Cr
373245,Express Astra,3 BHK 1350 Sq. Ft. Apartment,1350 Sq. Ft.,Rs 1.67 Cr
373245,Express Astra,3 BHK 1570 Sq. Ft. Apartment,1570 Sq. Ft.,Rs 1.94 Cr
373245,Express Astra,3 BHK 2005 Sq. Ft. Apartment,2005 Sq. Ft.,Rs 2.48 Cr
373245,Express Astra,4 BHK 2325 Sq. Ft. Apartment,2325 Sq. Ft.,Rs 2.87 Cr
401978,Ambesten Twin County,2 BHK 910 Sq. Ft. Apartment,910 Sq. Ft.,Rs 29.12 Lac
401978,Ambesten Twin County,2 BHK 950 Sq. Ft. Apartment,950 Sq. Ft.,Rs 30.40 Lac
401978,Ambesten Twin County,3 BHK 1350 Sq. Ft. Apartment,1350 Sq. Ft.,Rs 43.20 Lac
43270,Skyline Speedway Avenue,2 BHK 1150 Sq. Ft. Apartment,1150 Sq. Ft.,Price on Request
43270,Skyline Speedway Avenue,2 BHK 1268 Sq. Ft. Apartment,1268 Sq. Ft.,Price on Request
43270,Skyline Speedway Avenue,3 BHK 1560 Sq. Ft. Apartment,1560 Sq. Ft.,Price on Request
43270,Skyline Speedway Avenue,3 BHK 1911 Sq. Ft. Apartment,1911 Sq. Ft.,Price on Request
43270,Skyline Speedway Avenue,3 BHK 2410 Sq. Ft. Penthouse,2410 Sq. Ft.,Price on Request
43270,Skyline Speedway Avenue,4 BHK 2365 Sq. Ft. Apartment,2365 Sq. Ft.,Price on Request
43270,Skyline Speedway Avenue,4 BHK 3596 Sq. Ft. Penthouse,3596 Sq. Ft.,Price on Request
43270,Skyline Speedway Avenue,4 BHK 2717 Sq. Ft. Penthouse,2717 Sq. Ft.,Price on Request
43270,Skyline Speedway Avenue,4 BHK 2277 Sq. Ft. Penthouse,2277 Sq. Ft.,Price on Request
43270,Skyline Speedway Avenue,5 BHK 4450 Sq. Ft. Penthouse,4450 Sq. Ft.,Price on Request
43270,Skyline Speedway Avenue,5 BHK 2980 Sq. Ft. Penthouse,2980 Sq. Ft.,Price on Request
298653,CRC Sublimis,2 BHK 982 Sq. Ft. Apartment,603 Sq. Ft.,Rs 1.00 Cr
298653,CRC Sublimis,2 BHK 1170 Sq. Ft. Apartment,727 Sq. Ft.,Rs 1.19 Cr
298653,CRC Sublimis,3 BHK 1305 Sq. Ft. Apartment,803 Sq. Ft.,Rs 1.33 Cr
298653,CRC Sublimis,3 BHK 1485 Sq. Ft. Apartment,803 Sq. Ft.,Rs 1.51 Cr
255783,Shri Radha Aqua Garden,2 BHK 1050 Sq. Ft. Apartment,1050 Sq. Ft.,Rs 82.75 Lac
255783,Shri Radha Aqua Garden,2 BHK 1090 Sq. Ft. Apartment,1090 Sq. Ft.,Rs 85.79 Lac
255783,Shri Radha Aqua Garden,3 BHK 1500 Sq. Ft. Apartment,1500 Sq. Ft.,Rs 1.17 Cr
1030,M3M Golf Estate,3 BHK 3005 Sq. Ft. Apartment,3005 Sq. Ft.,Rs 4.46 Cr
1030,M3M Golf Estate,3 BHK 3705 Sq. Ft. Apartment,3705 Sq. Ft.,Rs 5.48 Cr
1030,M3M Golf Estate,3 BHK 3799 Sq. Ft. Apartment,3799 Sq. Ft.,Rs 5.30 Cr
1030,M3M Golf Estate,4 BHK 4785 Sq. Ft. Apartment,4785 Sq. Ft.,Rs 7.09 Cr
1030,M3M Golf Estate,5 BHK 5685 Sq. Ft. Apartment,5685 Sq. Ft.,Rs 8.39 Cr
1030,M3M Golf Estate,5 BHK 5870 Sq. Ft. Apartment,5870 Sq. Ft.,Rs 8.66 Cr
1030,M3M Golf Estate,5 BHK 5760 Sq. Ft. Apartment,5760 Sq. Ft.,Rs 8.50 Cr
1030,M3M Golf Estate,5 BHK 5900 Sq. Ft. Apartment,5900 Sq. Ft.,Rs 8.70 Cr
1030,M3M Golf Estate,5 BHK 5860 Sq. Ft. Apartment,5860 Sq. Ft.,Rs 8.65 Cr
1350,Puri Diplomatic Greens Villas,5 BHK 8000 Sq. Ft. Villa,8000 Sq. Ft.,Rs 9.60 Cr
1350,Puri Diplomatic Greens Villas,5 BHK 8700 Sq. Ft. Villa,8700 Sq. Ft.,Rs 10.44 Cr
2718,DLF Regal Gardens,2 BHK 1467 Sq. Ft. Apartment,1467 Sq. Ft.,Rs 1.05 Cr
2718,DLF Regal Gardens,2 BHK 1438 Sq. Ft. Apartment,1438 Sq. Ft.,Rs 1.03 Cr
2718,DLF Regal Gardens,2 BHK 1527 Sq. Ft. Apartment,1527 Sq. Ft.,Rs 1.09 Cr
2718,DLF Regal Gardens,3 BHK 1693 Sq. Ft. Apartment,1693 Sq. Ft.,Rs 1.21 Cr
2718,DLF Regal Gardens,3 BHK 1702 Sq. Ft. Apartment,1702 Sq. Ft.,Rs 1.22 Cr
2718,DLF Regal Gardens,3 BHK 1703 Sq. Ft. Apartment,1703 Sq. Ft.,Rs 1.22 Cr
2718,DLF Regal Gardens,3 BHK 1719 Sq. Ft. Apartment,1719 Sq. Ft.,Rs 1.23 Cr
2718,DLF Regal Gardens,3 BHK 1720 Sq. Ft. Apartment,1720 Sq. Ft.,Rs 1.23 Cr
2718,DLF Regal Gardens,3 BHK 1721 Sq. Ft. Apartment,1721 Sq. Ft.,Rs 1.23 Cr
2718,DLF Regal Gardens,3 BHK 1726 Sq. Ft. Apartment,1726 Sq. Ft.,Rs 1.23 Cr
2718,DLF Regal Gardens,3 BHK 1730 Sq. Ft. Apartment,1730 Sq. Ft.,Rs 1.24 Cr
2718,DLF Regal Gardens,3 BHK 1744 Sq. Ft. Apartment,1744 Sq. Ft.,Rs 1.25 Cr
2718,DLF Regal Gardens,3 BHK 1755 Sq. Ft. Apartment,1755 Sq. Ft.,Rs 1.25 Cr
2718,DLF Regal Gardens,3 BHK 1818 Sq. Ft. Apartment,1818 Sq. Ft.,Rs 1.30 Cr
2718,DLF Regal Gardens,4 BHK 2215 Sq. Ft. Apartment,2215 Sq. Ft.,Rs 1.58 Cr
5456,Puri Emerald Bay,2 BHK 1550 Sq. Ft. Apartment,1550 Sq. Ft.,Rs 1.40 Cr
5456,Puri Emerald Bay,2 BHK 1700 Sq. Ft. Apartment,1700 Sq. Ft.,Rs 1.53 Cr
5456,Puri Emerald Bay,3 BHK 2450 Sq. Ft. Apartment,2450 Sq. Ft.,Rs 2.21 Cr
25860,ATS Triumph,3 BHK 2290 Sq. Ft. Apartment,2290 Sq. Ft.,Rs 1.65 Cr
25860,ATS Triumph,4 BHK 3150 Sq. Ft. Apartment,3150 Sq. Ft.,Rs 2.45 Cr
26134,BPTP Amstoria Country Floor,3 BHK 2384 Sq. Ft. Ind Floor,2384 Sq. Ft.,Rs 2.84 Cr
26134,BPTP Amstoria Country Floor,3 BHK 2147 Sq. Ft. Ind Floor,2147 Sq. Ft.,Rs 2.55 Cr
26134,BPTP Amstoria Country Floor,3 BHK 2647 Sq. Ft. Ind Floor,2647 Sq. Ft.,Rs 3.15 Cr
26134,BPTP Amstoria Country Floor,3 BHK 2435 Sq. Ft. Ind Floor,2435 Sq. Ft.,Rs 2.90 Cr
26134,BPTP Amstoria Country Floor,4 BHK 3480 Sq. Ft. Ind Floor,3480 Sq. Ft.,Rs 4.14 Cr
26134,BPTP Amstoria Country Floor,4 BHK 5374 Sq. Ft. Ind Floor,5374 Sq. Ft.,Rs 6.40 Cr
26134,BPTP Amstoria Country Floor,4 BHK 5709 Sq. Ft. Ind Floor,5709 Sq. Ft.,Rs 6.79 Cr
26134,BPTP Amstoria Country Floor,4 BHK 3693 Sq. Ft. Ind Floor,3693 Sq. Ft.,Rs 4.39 Cr
26134,BPTP Amstoria Country Floor,4 BHK 3440 Sq. Ft. Ind Floor,3440 Sq. Ft.,Rs 4.09 Cr
136575,Ashiana Anmol Phase 3,2 BHK 1205 Sq. Ft. Apartment,780 Sq. Ft.,Rs 1.08 Cr
136575,Ashiana Anmol Phase 3,3 BHK 1527 Sq. Ft. Apartment,996 Sq. Ft.,Rs 1.42 Cr
136575,Ashiana Anmol Phase 3,3 BHK 1776 Sq. Ft. Apartment,1180 Sq. Ft.,Rs 1.74 Cr
136575,Ashiana Anmol Phase 3,3 BHK 1884 Sq. Ft. Apartment,1262 Sq. Ft.,Rs 1.87 Cr
146207,Saan Verdante,3 BHK 1965 Sq. Ft. Apartment,1965 Sq. Ft.,Rs 1.20 Cr
146207,Saan Verdante,3 BHK 2542 Sq. Ft. Apartment,2542 Sq. Ft.,Rs 1.55 Cr
146207,Saan Verdante,3 BHK 2904 Sq. Ft. Apartment,2904 Sq. Ft.,Rs 1.77 Cr
146207,Saan Verdante,4 BHK 3062 Sq. Ft. Apartment,3062 Sq. Ft.,Rs 1.86 Cr
146207,Saan Verdante,4 BHK 3352 Sq. Ft. Apartment,3352 Sq. Ft.,Rs 2.04 Cr
146207,Saan Verdante,4 BHK 3456 Sq. Ft. Apartment,3456 Sq. Ft.,Rs 2.10 Cr
269936,Central Park Flower Valley Aqua Front Towers,3 BHK 1789 Sq. Ft. Apartment,1789 Sq. Ft.,Rs 3.13 Cr
269936,Central Park Flower Valley Aqua Front Towers,3 BHK 2134 Sq. Ft. Apartment,2134 Sq. Ft.,Rs 3.73 Cr
269936,Central Park Flower Valley Aqua Front Towers,4 BHK 2570 Sq. Ft. Apartment,2570 Sq. Ft.,Rs 4.50 Cr
269936,Central Park Flower Valley Aqua Front Towers,4 BHK 2600 Sq. Ft. Apartment,2600 Sq. Ft.,Rs 4.55 Cr
318679,Hero Homes Gurgaon,2 BHK 1099 Sq. Ft. Apartment,683 Sq. Ft.,Rs 1.37 Cr
318679,Hero Homes Gurgaon,3 BHK 1359 Sq. Ft. Apartment,861 Sq. Ft.,Rs 1.70 Cr
318679,Hero Homes Gurgaon,3 BHK 1389 Sq. Ft. Apartment,884 Sq. Ft.,Rs 1.73 Cr
318679,Hero Homes Gurgaon,3 BHK 1689 Sq. Ft. Apartment,1082 Sq. Ft.,Rs 2.11 Cr
333369,Emaar Digi Homes,2 BHK 1508 Sq. Ft. Apartment,802 Sq. Ft.,Rs 3.29 Cr
333369,Emaar Digi Homes,3 BHK 2588 Sq. Ft. Apartment,1307 Sq. Ft.,Rs 5.64 Cr
333369,Emaar Digi Homes,3 BHK 2567 Sq. Ft. Apartment,1296 Sq. Ft.,Rs 5.60 Cr
378131,M3M Soulitude,2 BHK 1158 Sq. Ft. Ind Floor,1158 Sq. Ft.,Rs 1.51 Cr
378131,M3M Soulitude,3 BHK 1494 Sq. Ft. Ind Floor,1494 Sq. Ft.,Rs 1.94 Cr
378131,M3M Soulitude,3 BHK 1620 Sq. Ft. Ind Floor,1620 Sq. Ft.,Rs 2.11 Cr
378934,Signature Global City,2 BHK 1216 Sq. Ft. Ind Floor,990 Sq. Ft.,Rs 1.76 Cr
378934,Signature Global City,2 BHK 1060 Sq. Ft. Ind Floor,1060 Sq. Ft.,Rs 1.54 Cr
378934,Signature Global City,3 BHK 1555 Sq. Ft. Ind Floor,1250 Sq. Ft.,Rs 2.25 Cr
378934,Signature Global City,3 BHK 1809 Sq. Ft. Ind Floor,1440 Sq. Ft.,Rs 2.62 Cr
378934,Signature Global City,3 BHK 1470 Sq. Ft. Ind Floor,1470 Sq. Ft.,Rs 2.13 Cr
378934,Signature Global City,178 Sq. Ft. Retail Shop,178 Sq. Ft.,Rs 28.39 Lac
378934,Signature Global City,370 Sq. Ft. Retail Shop,370 Sq. Ft.,Rs 59.00 Lac
378934,Signature Global City,677 Sq. Ft. Retail Shop,677 Sq. Ft.,Rs 1.08 Cr
390137,Tulip Monsella,3 BHK 2874 Sq. Ft. Apartment,1638 Sq. Ft.,Rs 7.90 Cr
390137,Tulip Monsella,3 BHK 2892 Sq. Ft. Apartment,1647 Sq. Ft.,Rs 7.95 Cr
390137,Tulip Monsella,4 BHK 3684 Sq. Ft. Apartment,2229 Sq. Ft.,Rs 10.13 Cr
390137,Tulip Monsella,5 BHK 4503 Sq. Ft. Apartment,2822 Sq. Ft.,Rs 12.38 Cr
391580,DLF The Grove,4 BHK 2286 Sq. Ft. Ind Floor,2286 Sq. Ft.,Rs 7.30 Cr
391580,DLF The Grove,5 BHK 4527 Sq. Ft. Ind Floor,4527 Sq. Ft.,Rs 14.46 Cr
399000,ATS Homekraft Bonheur Avenue,1798 Sq. Ft. Plot,1798 Sq. Ft.,Rs 2.75 Cr
399000,ATS Homekraft Bonheur Avenue,900 Sq. Ft. Plot,900 Sq. Ft.,Rs 1.38 Cr
403842,Adani Samsara Vilasa,3 BHK 1800 Sq. Ft. Ind Floor,1800 Sq. Ft.,Rs 3.94 Cr
403842,Adani Samsara Vilasa,3 BHK 1870 Sq. Ft. Ind Floor,1870 Sq. Ft.,Rs 4.09 Cr
403842,Adani Samsara Vilasa,3 BHK 2033 Sq. Ft. Ind Floor,2033 Sq. Ft.,Rs 4.45 Cr
403842,Adani Samsara Vilasa,3 BHK 2059 Sq. Ft. Ind Floor,2059 Sq. Ft.,Rs 4.60 Cr
403842,Adani Samsara Vilasa,4 BHK 2750 Sq. Ft. Ind Floor,2750 Sq. Ft.,Rs 5.30 Cr
403842,Adani Samsara Vilasa,4 BHK 2321 Sq. Ft. Ind Floor,2321 Sq. Ft.,Rs 5.10 Cr
403842,Adani Samsara Vilasa,4 BHK 2733 Sq. Ft. Ind Floor,2733 Sq. Ft.,Rs 5.95 Cr
404068,M3M Crown,3 BHK 1555 Sq. Ft. Apartment,1555 Sq. Ft.,Rs 3.19 Cr
404068,M3M Crown,3 BHK 2050 Sq. Ft. Apartment,2050 Sq. Ft.,Rs 4.20 Cr
404068,M3M Crown,4 BHK 2270 Sq. Ft. Apartment,2270 Sq. Ft.,Rs 4.65 Cr
404068,M3M Crown,4 BHK 2525 Sq. Ft. Apartment,2525 Sq. Ft.,Rs 5.18 Cr
404456,Signature Global City 93,2 BHK 1118 Sq. Ft. Ind Floor,629 Sq. Ft.,Rs 1.54 Cr
404456,Signature Global City 93,2 BHK 981 Sq. Ft. Ind Floor,502 Sq. Ft.,Rs 1.28 Cr
404456,Signature Global City 93,3 BHK 1235 Sq. Ft. Ind Floor,737 Sq. Ft.,Rs 1.67 Cr
404456,Signature Global City 93,3 BHK 1530 Sq. Ft. Ind Floor,951 Sq. Ft.,Rs 2.04 Cr
404772,Central Park The Orchard,3 BHK 2129 Sq. Ft. Ind Floor,2129 Sq. Ft.,Rs 4.26 Cr
404772,Central Park The Orchard,3 BHK 2327 Sq. Ft. Ind Floor,2327 Sq. Ft.,Rs 4.65 Cr
404772,Central Park The Orchard,4 BHK 4150 Sq. Ft. Ind Floor,4150 Sq. Ft.,Rs 8.30 Cr
405181,M3M Golf Hills,3 BHK 2260 Sq. Ft. Apartment,2260 Sq. Ft.,Rs 3.67 Cr
405181,M3M Golf Hills,3 BHK 2365 Sq. Ft. Apartment,2365 Sq. Ft.,Rs 3.84 Cr
405181,M3M Golf Hills,4 BHK 2685 Sq. Ft. Apartment,2685 Sq. Ft.,Rs 4.36 Cr
405529,Navraj The Antalyas,3 BHK 2071 Sq. Ft. Apartment,1276 Sq. Ft.,Rs 2.43 Cr
405529,Navraj The Antalyas,4 BHK 2390 Sq. Ft. Apartment,1397 Sq. Ft.,Rs 2.81 Cr
419936,Godrej Aristocrat,2 BHK 1651 Sq. Ft. Apartment,1651 Sq. Ft.,Rs 3.63 Cr
419936,Godrej Aristocrat,2 BHK 2041 Sq. Ft. Apartment,2041 Sq. Ft.,Rs 4.49 Cr
419936,Godrej Aristocrat,3 BHK 2514 Sq. Ft. Apartment,2514 Sq. Ft.,Rs 5.53 Cr
419936,Godrej Aristocrat,4 BHK 2777 Sq. Ft. Apartment,2777 Sq. Ft.,Rs 6.11 Cr
419936,Godrej Aristocrat,4 BHK 3416 Sq. Ft. Apartment,3416 Sq. Ft.,Rs 7.52 Cr
422426,Godrej Zenith,2 BHK 1085 Sq. Ft. Apartment,1085 Sq. Ft.,Rs 2.06 Cr
422426,Godrej Zenith,2 BHK 1266 Sq. Ft. Apartment,1266 Sq. Ft.,Rs 2.41 Cr
422426,Godrej Zenith,3 BHK 1676 Sq. Ft. Apartment,1676 Sq. Ft.,Rs 3.18 Cr
422426,Godrej Zenith,3 BHK 2211 Sq. Ft. Apartment,2211 Sq. Ft.,Rs 4.20 Cr
422426,Godrej Zenith,4 BHK 2433 Sq. Ft. Apartment,2433 Sq. Ft.,Rs 4.62 Cr
422426,Godrej Zenith,4 BHK 3221 Sq. Ft. Apartment,3221 Sq. Ft.,Rs 6.12 Cr
422937,Krisumi Waterside Residences,2 BHK 1740 Sq. Ft. Apartment,957 Sq. Ft.,Rs 3.65 Cr
422937,Krisumi Waterside Residences,2 BHK 1964 Sq. Ft. Apartment,1080 Sq. Ft.,Rs 4.12 Cr
422937,Krisumi Waterside Residences,3 BHK 2260 Sq. Ft. Apartment,1243 Sq. Ft.,Rs 4.75 Cr
422937,Krisumi Waterside Residences,3 BHK 2700 Sq. Ft. Apartment,1485 Sq. Ft.,Rs 5.67 Cr
422937,Krisumi Waterside Residences,4 BHK 5453 Sq. Ft. Penthouse,2890 Sq. Ft.,Rs 11.45 Cr
422937,Krisumi Waterside Residences,4 BHK 5867 Sq. Ft. Penthouse,3110 Sq. Ft.,Rs 12.32 Cr
423388,Puri Diplomatic Residences,3 BHK 2282 Sq. Ft. Apartment,2282 Sq. Ft.,Rs 4.23 Cr
423388,Puri Diplomatic Residences,3 BHK 2440 Sq. Ft. Apartment,2440 Sq. Ft.,Rs 4.75 Cr
423388,Puri Diplomatic Residences,4 BHK 3475 Sq. Ft. Apartment,3475 Sq. Ft.,Rs 7.30 Cr
423473,Anant Raj The Estate Residences,4 BHK 4781 Sq. Ft. Apartment,4781 Sq. Ft.,Rs 10.52 Cr
423473,Anant Raj The Estate Residences,4 BHK 3710 Sq. Ft. Apartment,3710 Sq. Ft.,Rs 8.16 Cr
424568,JMS Premier Floors,2 BHK 1340 Sq. Ft. Ind Floor,1340 Sq. Ft.,Rs 1.09 Cr
424568,JMS Premier Floors,2 BHK 1408 Sq. Ft. Ind Floor,1408 Sq. Ft.,Rs 1.16 Cr
424568,JMS Premier Floors,3 BHK 1745 Sq. Ft. Ind Floor,1745 Sq. Ft.,Rs 1.37 Cr
426520,Conscient Parq,3 BHK 1945 Sq. Ft. Apartment,1945 Sq. Ft.,Rs 3.09 Cr
426520,Conscient Parq,3 BHK 2395 Sq. Ft. Apartment,2395 Sq. Ft.,Rs 3.81 Cr
426520,Conscient Parq,4 BHK 2850 Sq. Ft. Apartment,2850 Sq. Ft.,Rs 4.53 Cr
427056,M3M Altitude,4 BHK 4270 Sq. Ft. Apartment,4270 Sq. Ft.,Rs 10.50 Cr
427191,Ganga Anantam,3 BHK 2392 Sq. Ft. Apartment,2392 Sq. Ft.,Rs 4.19 Cr
427191,Ganga Anantam,4 BHK 3101 Sq. Ft. Apartment,3101 Sq. Ft.,Rs 5.43 Cr
427906,Sobha Altus,3 BHK 3045 Sq. Ft. Apartment,1598 Sq. Ft.,Rs 7.18 Cr
427906,Sobha Altus,3 BHK 3231 Sq. Ft. Apartment,1768 Sq. Ft.,Rs 7.62 Cr
427906,Sobha Altus,4 BHK 3914 Sq. Ft. Apartment,2114 Sq. Ft.,Rs 9.23 Cr
427906,Sobha Altus,678 Sq. Ft. Studio,351 Sq. Ft.,Rs 1.60 Cr
427906,Sobha Altus,735 Sq. Ft. Studio,307 Sq. Ft.,Rs 1.73 Cr
428412,Signature Global Titanium SPR,3 BHK 2780 Sq. Ft. Apartment,2780 Sq. Ft.,Rs 4.73 Cr
428412,Signature Global Titanium SPR,4 BHK 3780 Sq. Ft. Apartment,3780 Sq. Ft.,Rs 6.43 Cr
430191,Adani Lushlands,4 BHK 4750 Sq. Ft. Apartment,4750 Sq. Ft.,Rs 12.87 Cr
432550,Tarc Ishva,3 BHK 2850 Sq. Ft. Apartment,2850 Sq. Ft.,Rs 6.55 Cr
432550,Tarc Ishva,3 BHK 2950 Sq. Ft. Apartment,2950 Sq. Ft.,Rs 6.79 Cr
432550,Tarc Ishva,4 BHK 3883 Sq. Ft. Apartment,3883 Sq. Ft.,Rs 8.93 Cr
432550,Tarc Ishva,4 BHK 3900 Sq. Ft. Apartment,3900 Sq. Ft.,Rs 8.97 Cr
433317,Max Estate 360,3 BHK 2611 Sq. Ft. Apartment,1404 Sq. Ft.,Rs 5.28 Cr
433317,Max Estate 360,3 BHK 2844 Sq. Ft. Apartment,1530 Sq. Ft.,Rs 5.75 Cr
433317,Max Estate 360,4 BHK 3531 Sq. Ft. Apartment,1899 Sq. Ft.,Rs 7.14 Cr
