Registration Number,Building Name,Floor Details
PBRERA-SAS81-PR1099,FALCON VIEW TOWER-U,"Number of Floor/Plots Currently Sanctioned: 16
Number of Floor/Plots Proposed: 16
Number of Floors Constructed: 0"
PBRERA-SAS81-PR1098,FALCON VIEW TOWER-T,"Number of Floor/Plots Currently Sanctioned: 16
Number of Floor/Plots Proposed: 16
Number of Floors Constructed: 0"
PBRERA-SAS81-PR1099,FALCON VIEW TOWER-U,"Number of Floor/Plots Currently Sanctioned: 16
Number of Floor/Plots Proposed: 16
Number of Floors Constructed: 0"
PBRERA-SAS81-PR1098,FALCON VIEW TOWER-T,"Number of Floor/Plots Currently Sanctioned: 16
Number of Floor/Plots Proposed: 16
Number of Floors Constructed: 0"
PBRERA-SAS81-PR1097,TOWER O,"Number of Floor/Plots Currently Sanctioned: 16
Number of Floor/Plots Proposed: 58
Number of Floors Constructed: 4"
PBRERA-SAS81-PR1042,POCKET F,"Number of Floor/Plots Currently Sanctioned: 44
Number of Floor/Plots Proposed: 44
Number of Floors Constructed: 0"
PBRERA-SAS81-PR1009,TOWER-I,"Number of Floor/Plots Currently Sanctioned: 19
Number of Floor/Plots Proposed: 19
Number of Floors Constructed: 0"
PBRERA-SAS81-PR1009,TOWER-J,"Number of Floor/Plots Currently Sanctioned: 20
Number of Floor/Plots Proposed: 20
Number of Floors Constructed: 0"
PBRERA-SAS81-PR1009,TOWER-K,"Number of Floor/Plots Currently Sanctioned: 21
Number of Floor/Plots Proposed: 21
Number of Floors Constructed: 0"
PBRERA-SAS81-PR1009,TOWER-L,"Number of Floor/Plots Currently Sanctioned: 21
Number of Floor/Plots Proposed: 21
Number of Floors Constructed: 0"
PBRERA-SAS81-PR1006,RESIDENTIAL FLATS,"Number of Floor/Plots Currently Sanctioned: 14
Number of Floor/Plots Proposed: 14
Number of Floors Constructed: 14"
PBRERA-SAS81-PR1006,COMMERCIAL SHOPS,"Number of Floor/Plots Currently Sanctioned: 1
Number of Floor/Plots Proposed: 1
Number of Floors Constructed: 0"
PBRERA-SAS81-PR0995,BLOCK 02 TOWER 02,"Number of Floor/Plots Currently Sanctioned: 16
Number of Floor/Plots Proposed: 16
Number of Floors Constructed: 0"
PBRERA-SAS81-PR0995,BLOCK 03 TOWER 03,"Number of Floor/Plots Currently Sanctioned: 15
Number of Floor/Plots Proposed: 15
Number of Floors Constructed: 0"
PBRERA-SAS81-PR0995,BLOCK 04 TOWER 04,"Number of Floor/Plots Currently Sanctioned: 16
Number of Floor/Plots Proposed: 16
Number of Floors Constructed: 0"
PBRERA-SAS81-PR0995,BLOCK 01 TOWER 01,"Number of Floor/Plots Currently Sanctioned: 16
Number of Floor/Plots Proposed: 16
Number of Floors Constructed: 0"
PBRERA-SAS81-PR0958,ONE CITY HAMLET 1,"Number of Floor/Plots Currently Sanctioned: 265
Number of Floor/Plots Proposed: 265
Number of Floors Constructed: 0"
PBRERA-SAS81-PR0957,BLOCK 1 MRE,"Number of Floor/Plots Currently Sanctioned: 7
Number of Floor/Plots Proposed: 7
Number of Floors Constructed: 7"
PBRERA-SAS81-PR0957,BLOCK 4 LRE,"Number of Floor/Plots Currently Sanctioned: 3
Number of Floor/Plots Proposed: 3
Number of Floors Constructed: 3"
PBRERA-SAS81-PR0957,BLOCK 5 LRW,"Number of Floor/Plots Currently Sanctioned: 3
Number of Floor/Plots Proposed: 3
Number of Floors Constructed: 3"
PBRERA-SAS81-PR0957,BLOCK 6 LRN,"Number of Floor/Plots Currently Sanctioned: 3
Number of Floor/Plots Proposed: 3
Number of Floors Constructed: 3"
PBRERA-SAS81-PR0957,BLOCK 7 LRS,"Number of Floor/Plots Currently Sanctioned: 3
Number of Floor/Plots Proposed: 3
Number of Floors Constructed: 3"
PBRERA-SAS81-PR0928,4BHK TOWER 1,"Number of Floor/Plots Currently Sanctioned: 42
Number of Floor/Plots Proposed: 42
Number of Floors Constructed: 0"
PBRERA-SAS81-PR0928,4BHK DUPLEX TOWER 1,"Number of Floor/Plots Currently Sanctioned: 2
Number of Floor/Plots Proposed: 2
Number of Floors Constructed: 0"
PBRERA-SAS81-PR0928,3BHK DUPLEX TOWER 2,"Number of Floor/Plots Currently Sanctioned: 2
Number of Floor/Plots Proposed: 2
Number of Floors Constructed: 0"
PBRERA-SAS81-PR0928,3BHK TOWER 2,"Number of Floor/Plots Currently Sanctioned: 44
Number of Floor/Plots Proposed: 44
Number of Floors Constructed: 0"
PBRERA-SAS81-PR0928,3BHK DUPLEX TOWER 3,"Number of Floor/Plots Currently Sanctioned: 2
Number of Floor/Plots Proposed: 2
Number of Floors Constructed: 0"
PBRERA-SAS81-PR0928,3BHK TOWER 3,"Number of Floor/Plots Currently Sanctioned: 44
Number of Floor/Plots Proposed: 44
Number of Floors Constructed: 0"
PBRERA-SAS81-PR0928,COMMERCIAL BOOTHS,"Number of Floor/Plots Currently Sanctioned: 18
Number of Floor/Plots Proposed: 18
Number of Floors Constructed: 0"
PBRERA-SAS81-PR0892,COMMERCIAL BAY SHOPS PLOT NOS 1-7,"Number of Floor/Plots Currently Sanctioned: 7
Number of Floor/Plots Proposed: 7
Number of Floors Constructed: 0"
PBRERA-SAS81-PR0892,COMMERCIAL BOOTH PLOT NOS 1-21,"Number of Floor/Plots Currently Sanctioned: 21
Number of Floor/Plots Proposed: 21
Number of Floors Constructed: 0"
PBRERA-SAS81-PR0892,COMMERCIAL SHOWROOM PLOT NOS 17-28,"Number of Floor/Plots Currently Sanctioned: 12
Number of Floor/Plots Proposed: 12
Number of Floors Constructed: 0"
PBRERA-SAS81-PR0892,COMMERCIAL SHOWROOM PLOT NO 29,"Number of Floor/Plots Currently Sanctioned: 1
Number of Floor/Plots Proposed: 1
Number of Floors Constructed: 0"
PBRERA-SAS81-PR0892,COMMERCIAL SHOWROOM PLOTS NO 1-16,"Number of Floor/Plots Currently Sanctioned: 16
Number of Floor/Plots Proposed: 16
Number of Floors Constructed: 0"
PBRERA-SAS81-PR0892,RESIDENTIAL PLOT NOS 39 52,"Number of Floor/Plots Currently Sanctioned: 2
Number of Floor/Plots Proposed: 2
Number of Floors Constructed: 0"
PBRERA-SAS81-PR0892,RESIDENTIAL PLOT NOS 40-51,"Number of Floor/Plots Currently Sanctioned: 12
Number of Floor/Plots Proposed: 12
Number of Floors Constructed: 0"
PBRERA-SAS81-PR0892,RESIDENTIAL PLOT NOS 145-185 254-291,"Number of Floor/Plots Currently Sanctioned: 79
Number of Floor/Plots Proposed: 79
Number of Floors Constructed: 0"
PBRERA-SAS81-PR0892,RESIDENTIAL PLOT NOS 208-238,"Number of Floor/Plots Currently Sanctioned: 31
Number of Floor/Plots Proposed: 31
Number of Floors Constructed: 0"
PBRERA-SAS81-PR0892,RESIDENTIAL PLOT NOS 239-253,"Number of Floor/Plots Currently Sanctioned: 15
Number of Floor/Plots Proposed: 15
Number of Floors Constructed: 0"
PBRERA-SAS81-PR0892,RESIDENTIAL PLOT NOS 292-324,"Number of Floor/Plots Currently Sanctioned: 33
Number of Floor/Plots Proposed: 33
Number of Floors Constructed: 0"
PBRERA-SAS81-PR0892,RESIDENTIAL PLOT NOS 186-194,"Number of Floor/Plots Currently Sanctioned: 9
Number of Floor/Plots Proposed: 9
Number of Floors Constructed: 0"
PBRERA-SAS81-PR0892,RESIDENTIAL PLOT NOS 53-68 69-87,"Number of Floor/Plots Currently Sanctioned: 35
Number of Floor/Plots Proposed: 35
Number of Floors Constructed: 0"
PBRERA-SAS81-PR0892,IDP SPLUS3 RESIDENTIAL PLOT 1-38 88-144 195-207,"Number of Floor/Plots Currently Sanctioned: 108
Number of Floor/Plots Proposed: 108
Number of Floors Constructed: 0"
PBRERA-SAS81-PR0866,TOWER A,"Number of Floor/Plots Currently Sanctioned: 19
Number of Floor/Plots Proposed: 19
Number of Floors Constructed: 0"
PBRERA-SAS81-PR0866,TOWER B,"Number of Floor/Plots Currently Sanctioned: 19
Number of Floor/Plots Proposed: 19
Number of Floors Constructed: 0"
PBRERA-SAS81-PR0866,TOWER C,"Number of Floor/Plots Currently Sanctioned: 19
Number of Floor/Plots Proposed: 19
Number of Floors Constructed: 0"
PBRERA-SAS81-PR0866,TOWER D,"Number of Floor/Plots Currently Sanctioned: 19
Number of Floor/Plots Proposed: 19
Number of Floors Constructed: 0"
PBRERA-SAS81-PR0866,TOWER E,"Number of Floor/Plots Currently Sanctioned: 19
Number of Floor/Plots Proposed: 19
Number of Floors Constructed: 0"
PBRERA-SAS81-PR0866,TOWER F,"Number of Floor/Plots Currently Sanctioned: 16
Number of Floor/Plots Proposed: 16
Number of Floors Constructed: 0"
PBRERA-SAS81-PR0866,TOWER G,"Number of Floor/Plots Currently Sanctioned: 16
Number of Floor/Plots Proposed: 16
Number of Floors Constructed: 0"
PBRERA-SAS81-PR0866,TOWER H,"Number of Floor/Plots Currently Sanctioned: 16
Number of Floor/Plots Proposed: 16
Number of Floors Constructed: 0"
PBRERA-SAS81-PR0866,TOWER I,"Number of Floor/Plots Currently Sanctioned: 14
Number of Floor/Plots Proposed: 14
Number of Floors Constructed: 0"
PBRERA-SAS81-PR0866,TOWER J,"Number of Floor/Plots Currently Sanctioned: 14
Number of Floor/Plots Proposed: 14
Number of Floors Constructed: 0"
PBRERA-SAS81-PR0866,COMMERCIAL SHOPS PLUS STORE,"Number of Floor/Plots Currently Sanctioned: 1
Number of Floor/Plots Proposed: 1
Number of Floors Constructed: 0"
PBRERA-SAS81-PR0854,WILLASA FLOORS,"Number of Floor/Plots Currently Sanctioned: 4
Number of Floor/Plots Proposed: 4
Number of Floors Constructed: 0"
PBRERA-SAS81-PR0830,BLOCK-H,"Number of Floor/Plots Currently Sanctioned: 54
Number of Floor/Plots Proposed: 54
Number of Floors Constructed: 0"
PBRERA-SAS81-PR0828,TOWER 14,"Number of Floor/Plots Currently Sanctioned: 21
Number of Floor/Plots Proposed: 21
Number of Floors Constructed: 0"
PBRERA-SAS81-PR0828,TOWER 15,"Number of Floor/Plots Currently Sanctioned: 21
Number of Floor/Plots Proposed: 21
Number of Floors Constructed: 0"
PBRERA-SAS81-PR0828,TOWER 16,"Number of Floor/Plots Currently Sanctioned: 21
Number of Floor/Plots Proposed: 21
Number of Floors Constructed: 0"
PBRERA-SAS81-PR0819,RESIDENTIAL PLOTS,"Number of Floor/Plots Currently Sanctioned: 324
Number of Floor/Plots Proposed: 324
Number of Floors Constructed: 0"
PBRERA-SAS81-PR0819,JUBILEE PORTICO - COMMERCIAL PLOTS,"Number of Floor/Plots Currently Sanctioned: 86
Number of Floor/Plots Proposed: 86
Number of Floors Constructed: 0"
PBRERA-SAS81-PR0819,P-89,"Number of Floor/Plots Currently Sanctioned: 3
Number of Floor/Plots Proposed: 3
Number of Floors Constructed: 0"
PBRERA-SAS81-PR0819,P-90,"Number of Floor/Plots Currently Sanctioned: 3
Number of Floor/Plots Proposed: 3
Number of Floors Constructed: 0"
PBRERA-SAS81-PR0819,P-91,"Number of Floor/Plots Currently Sanctioned: 3
Number of Floor/Plots Proposed: 3
Number of Floors Constructed: 0"
PBRERA-SAS81-PR0819,P-92,"Number of Floor/Plots Currently Sanctioned: 3
Number of Floor/Plots Proposed: 3
Number of Floors Constructed: 0"
PBRERA-SAS81-PR0819,P-93,"Number of Floor/Plots Currently Sanctioned: 3
Number of Floor/Plots Proposed: 3
Number of Floors Constructed: 0"
PBRERA-SAS81-PR0819,P-94,"Number of Floor/Plots Currently Sanctioned: 3
Number of Floor/Plots Proposed: 3
Number of Floors Constructed: 0"
PBRERA-SAS81-PR0819,P-95,"Number of Floor/Plots Currently Sanctioned: 3
Number of Floor/Plots Proposed: 3
Number of Floors Constructed: 0"
PBRERA-SAS81-PR0819,P-96,"Number of Floor/Plots Currently Sanctioned: 3
Number of Floor/Plots Proposed: 3
Number of Floors Constructed: 0"
PBRERA-SAS81-PR0819,P-97,"Number of Floor/Plots Currently Sanctioned: 3
Number of Floor/Plots Proposed: 3
Number of Floors Constructed: 0"
PBRERA-SAS81-PR0819,P-98,"Number of Floor/Plots Currently Sanctioned: 3
Number of Floor/Plots Proposed: 3
Number of Floors Constructed: 0"
PBRERA-SAS81-PR0819,P-99,"Number of Floor/Plots Currently Sanctioned: 3
Number of Floor/Plots Proposed: 3
Number of Floors Constructed: 0"
PBRERA-SAS81-PR0819,P-100,"Number of Floor/Plots Currently Sanctioned: 3
Number of Floor/Plots Proposed: 3
Number of Floors Constructed: 0"
PBRERA-SAS81-PR0819,P-101,"Number of Floor/Plots Currently Sanctioned: 3
Number of Floor/Plots Proposed: 3
Number of Floors Constructed: 0"
PBRERA-SAS81-PR0819,P-102,"Number of Floor/Plots Currently Sanctioned: 3
Number of Floor/Plots Proposed: 3
Number of Floors Constructed: 0"
PBRERA-SAS81-PR0819,P-103,"Number of Floor/Plots Currently Sanctioned: 3
Number of Floor/Plots Proposed: 3
Number of Floors Constructed: 0"
PBRERA-SAS81-PR0819,P-104,"Number of Floor/Plots Currently Sanctioned: 0
Number of Floor/Plots Proposed: 3
Number of Floors Constructed: 0"
PBRERA-SAS81-PR0819,P-105,"Number of Floor/Plots Currently Sanctioned: 3
Number of Floor/Plots Proposed: 3
Number of Floors Constructed: 0"
PBRERA-SAS81-PR0819,P-106,"Number of Floor/Plots Currently Sanctioned: 3
Number of Floor/Plots Proposed: 3
Number of Floors Constructed: 0"
PBRERA-SAS81-PR0819,P-107,"Number of Floor/Plots Currently Sanctioned: 3
Number of Floor/Plots Proposed: 3
Number of Floors Constructed: 0"
PBRERA-SAS81-PR0819,P-108,"Number of Floor/Plots Currently Sanctioned: 3
Number of Floor/Plots Proposed: 3
Number of Floors Constructed: 0"
PBRERA-SAS81-PR0819,P-109,"Number of Floor/Plots Currently Sanctioned: 3
Number of Floor/Plots Proposed: 3
Number of Floors Constructed: 0"
PBRERA-SAS81-PR0819,P-110,"Number of Floor/Plots Currently Sanctioned: 3
Number of Floor/Plots Proposed: 3
Number of Floors Constructed: 0"
PBRERA-SAS81-PR0819,P-111,"Number of Floor/Plots Currently Sanctioned: 3
Number of Floor/Plots Proposed: 3
Number of Floors Constructed: 0"
PBRERA-SAS81-PR0819,P-112,"Number of Floor/Plots Currently Sanctioned: 3
Number of Floor/Plots Proposed: 3
Number of Floors Constructed: 0"
PBRERA-SAS81-PR0819,P-113,"Number of Floor/Plots Currently Sanctioned: 3
Number of Floor/Plots Proposed: 3
Number of Floors Constructed: 0"
PBRERA-SAS81-PR0819,P-114,"Number of Floor/Plots Currently Sanctioned: 3
Number of Floor/Plots Proposed: 3
Number of Floors Constructed: 0"
PBRERA-SAS81-PR0819,P-115,"Number of Floor/Plots Currently Sanctioned: 3
Number of Floor/Plots Proposed: 3
Number of Floors Constructed: 0"
PBRERA-SAS81-PR0819,P-116,"Number of Floor/Plots Currently Sanctioned: 3
Number of Floor/Plots Proposed: 3
Number of Floors Constructed: 0"
PBRERA-SAS81-PR0819,P-117,"Number of Floor/Plots Currently Sanctioned: 3
Number of Floor/Plots Proposed: 3
Number of Floors Constructed: 0"
PBRERA-SAS81-PR0819,P-118,"Number of Floor/Plots Currently Sanctioned: 3
Number of Floor/Plots Proposed: 3
Number of Floors Constructed: 0"
PBRERA-SAS81-PR0819,P-119,"Number of Floor/Plots Currently Sanctioned: 3
Number of Floor/Plots Proposed: 3
Number of Floors Constructed: 0"
PBRERA-SAS81-PR0819,P-120,"Number of Floor/Plots Currently Sanctioned: 3
Number of Floor/Plots Proposed: 3
Number of Floors Constructed: 0"
PBRERA-SAS81-PR0819,P-121,"Number of Floor/Plots Currently Sanctioned: 3
Number of Floor/Plots Proposed: 3
Number of Floors Constructed: 0"
PBRERA-SAS81-PR0819,P-122,"Number of Floor/Plots Currently Sanctioned: 3
Number of Floor/Plots Proposed: 3
Number of Floors Constructed: 0"
PBRERA-SAS81-PR0819,P-123,"Number of Floor/Plots Currently Sanctioned: 3
Number of Floor/Plots Proposed: 3
Number of Floors Constructed: 0"
PBRERA-SAS81-PR0819,P-124,"Number of Floor/Plots Currently Sanctioned: 3
Number of Floor/Plots Proposed: 3
Number of Floors Constructed: 0"
PBRERA-SAS81-PR0819,P-125,"Number of Floor/Plots Currently Sanctioned: 3
Number of Floor/Plots Proposed: 3
Number of Floors Constructed: 0"
PBRERA-SAS81-PR0819,P-126,"Number of Floor/Plots Currently Sanctioned: 3
Number of Floor/Plots Proposed: 3
Number of Floors Constructed: 0"
PBRERA-SAS81-PR0819,P-127,"Number of Floor/Plots Currently Sanctioned: 3
Number of Floor/Plots Proposed: 3
Number of Floors Constructed: 0"
PBRERA-SAS81-PR0819,P-128,"Number of Floor/Plots Currently Sanctioned: 3
Number of Floor/Plots Proposed: 3
Number of Floors Constructed: 0"
PBRERA-SAS81-PR0813,BLOCK 01,"Number of Floor/Plots Currently Sanctioned: 24
Number of Floor/Plots Proposed: 24
Number of Floors Constructed: 0"
PBRERA-SAS81-PR0813,BLOCK 1A,"Number of Floor/Plots Currently Sanctioned: 26
Number of Floor/Plots Proposed: 26
Number of Floors Constructed: 0"
PBRERA-SAS81-PR0813,BLOCK 02,"Number of Floor/Plots Currently Sanctioned: 22
Number of Floor/Plots Proposed: 22
Number of Floors Constructed: 0"
PBRERA-SAS81-PR0813,BLOCK 2B,"Number of Floor/Plots Currently Sanctioned: 26
Number of Floor/Plots Proposed: 26
Number of Floors Constructed: 0"
PBRERA-SAS81-PR0813,BLOCK 2A,"Number of Floor/Plots Currently Sanctioned: 24
Number of Floor/Plots Proposed: 24
Number of Floors Constructed: 0"
PBRERA-SAS81-PR0813,BLOCK 03,"Number of Floor/Plots Currently Sanctioned: 30
Number of Floor/Plots Proposed: 30
Number of Floors Constructed: 0"
PBRERA-SAS81-PR0813,SHOP,"Number of Floor/Plots Currently Sanctioned: 1
Number of Floor/Plots Proposed: 1
Number of Floors Constructed: 0"
PBRERA-SAS81-PR0813,CLUB,"Number of Floor/Plots Currently Sanctioned: 3
Number of Floor/Plots Proposed: 3
Number of Floors Constructed: 0"
PBRERA-SAS81-PR0799,TOWER 10,"Number of Floor/Plots Currently Sanctioned: 14
Number of Floor/Plots Proposed: 14
Number of Floors Constructed: 0"
PBRERA-SAS81-PR0799,TOWER 11,"Number of Floor/Plots Currently Sanctioned: 14
Number of Floor/Plots Proposed: 14
Number of Floors Constructed: 0"
PBRERA-SAS81-PR0799,TOWER 12,"Number of Floor/Plots Currently Sanctioned: 14
Number of Floor/Plots Proposed: 14
Number of Floors Constructed: 0"
PBRERA-SAS81-PR0795,COMMERCIAL PLOTS,"Number of Floor/Plots Currently Sanctioned: 43
Number of Floor/Plots Proposed: 43
Number of Floors Constructed: 0"
PBRERA-SAS81-PR0795,PLOT FOR INDEPENDENT FLOORS,"Number of Floor/Plots Currently Sanctioned: 60
Number of Floor/Plots Proposed: 60
Number of Floors Constructed: 0"
PBRERA-SAS81-PR0795,RESIDENTIAL PLOTS,"Number of Floor/Plots Currently Sanctioned: 305
Number of Floor/Plots Proposed: 305
Number of Floors Constructed: 0"
PBRERA-SAS81-PR0765,TOWER-D OR E,"Number of Floor/Plots Currently Sanctioned: 16
Number of Floor/Plots Proposed: 16
Number of Floors Constructed: 0"
PBRERA-SAS81-PR0757,TOWER 1,"Number of Floor/Plots Currently Sanctioned: 21
Number of Floor/Plots Proposed: 21
Number of Floors Constructed: 0"
PBRERA-SAS81-PR0757,TOWER 2,"Number of Floor/Plots Currently Sanctioned: 21
Number of Floor/Plots Proposed: 21
Number of Floors Constructed: 0"
PBRERA-SAS81-PR0757,TOWER 3,"Number of Floor/Plots Currently Sanctioned: 24
Number of Floor/Plots Proposed: 24
Number of Floors Constructed: 0"
PBRERA-SAS81-PR0757,TOWER 4,"Number of Floor/Plots Currently Sanctioned: 24
Number of Floor/Plots Proposed: 24
Number of Floors Constructed: 0"
PBRERA-SAS81-PR0757,TOWER 5,"Number of Floor/Plots Currently Sanctioned: 24
Number of Floor/Plots Proposed: 24
Number of Floors Constructed: 0"
PBRERA-SAS81-PR0757,TOWER 6,"Number of Floor/Plots Currently Sanctioned: 24
Number of Floor/Plots Proposed: 24
Number of Floors Constructed: 0"
PBRERA-SAS81-PR0757,CLUB-2,"Number of Floor/Plots Currently Sanctioned: 2
Number of Floor/Plots Proposed: 2
Number of Floors Constructed: 0"
PBRERA-SAS81-PR0757,COMMERCIAL BLOCK,"Number of Floor/Plots Currently Sanctioned: 2
Number of Floor/Plots Proposed: 2
Number of Floors Constructed: 0"
PBRERA-SAS81-PR0757,CLUB-1,"Number of Floor/Plots Currently Sanctioned: 3
Number of Floor/Plots Proposed: 5
Number of Floors Constructed: 0"
PBRERA-SAS81-PR0748,BLOCK-A1,"Number of Floor/Plots Currently Sanctioned: 18
Number of Floor/Plots Proposed: 18
Number of Floors Constructed: 0"
PBRERA-SAS81-PR0748,BLOCK-B,"Number of Floor/Plots Currently Sanctioned: 18
Number of Floor/Plots Proposed: 18
Number of Floors Constructed: 0"
PBRERA-SAS81-PR0748,BLOCK-C,"Number of Floor/Plots Currently Sanctioned: 17
Number of Floor/Plots Proposed: 17
Number of Floors Constructed: 0"
PBRERA-SAS81-PR0748,BLOCK-A,"Number of Floor/Plots Currently Sanctioned: 18
Number of Floor/Plots Proposed: 18
Number of Floors Constructed: 0"
PBRERA-SAS81-PR0748,COMMERCIAL BLOCK,"Number of Floor/Plots Currently Sanctioned: 0
Number of Floor/Plots Proposed: 1
Number of Floors Constructed: 0"
PBRERA-SAS81-PR0685,COMMERCIAL SHOPS,"Number of Floor/Plots Currently Sanctioned: 30
Number of Floor/Plots Proposed: 30
Number of Floors Constructed: 0"
PBRERA-SAS81-PR0685,RESIDENTIAL UNITS- TOWER 1,"Number of Floor/Plots Currently Sanctioned: 22
Number of Floor/Plots Proposed: 22
Number of Floors Constructed: 0"
PBRERA-SAS81-PR0685,RESIDENTIAL UNITS- TOWER 2,"Number of Floor/Plots Currently Sanctioned: 22
Number of Floor/Plots Proposed: 22
Number of Floors Constructed: 0"
PBRERA-SAS81-PR0685,RESIDENTIAL UNITS- TOWER 3,"Number of Floor/Plots Currently Sanctioned: 22
Number of Floor/Plots Proposed: 22
Number of Floors Constructed: 0"
PBRERA-SAS81-PR0685,RESIDENTIAL UNITS- TOWER 4,"Number of Floor/Plots Currently Sanctioned: 22
Number of Floor/Plots Proposed: 22
Number of Floors Constructed: 0"
PBRERA-SAS81-PR0685,RESIDENTIAL UNITS- TOWER 5,"Number of Floor/Plots Currently Sanctioned: 22
Number of Floor/Plots Proposed: 22
Number of Floors Constructed: 0"
PBRERA-SAS81-PR0685,RESIDENTIAL UNITS- TOWER 6,"Number of Floor/Plots Currently Sanctioned: 22
Number of Floor/Plots Proposed: 22
Number of Floors Constructed: 0"
PBRERA-SAS81-PR0685,RESIDENTIAL UNITS- TOWER 7,"Number of Floor/Plots Currently Sanctioned: 22
Number of Floor/Plots Proposed: 22
Number of Floors Constructed: 0"
PBRERA-SAS81-PR0685,RESIDENTIAL UNITS- TOWER 8,"Number of Floor/Plots Currently Sanctioned: 22
Number of Floor/Plots Proposed: 22
Number of Floors Constructed: 0"
PBRERA-SAS81-PR0685,RESIDENTIAL UNITS- TOWER 9,"Number of Floor/Plots Currently Sanctioned: 22
Number of Floor/Plots Proposed: 22
Number of Floors Constructed: 0"
PBRERA-SAS81-PR0664,COMMERCIAL PLOTS,"Number of Floor/Plots Currently Sanctioned: 56
Number of Floor/Plots Proposed: 56
Number of Floors Constructed: 0"
PBRERA-SAS81-PR0664,RESIDENTIAL EWS,"Number of Floor/Plots Currently Sanctioned: 45
Number of Floor/Plots Proposed: 45
Number of Floors Constructed: 0"
PBRERA-SAS81-PR0664,RESIDENTIAL PLOTS,"Number of Floor/Plots Currently Sanctioned: 403
Number of Floor/Plots Proposed: 403
Number of Floors Constructed: 0"
PBRERA-SAS81-PR0522,T-11,"Number of Floor/Plots Currently Sanctioned: 20
Number of Floor/Plots Proposed: 20
Number of Floors Constructed: 0"
PBRERA-SAS81-PR0522,T-12,"Number of Floor/Plots Currently Sanctioned: 21
Number of Floor/Plots Proposed: 21
Number of Floors Constructed: 0"
PBRERA-SAS81-PR0522,T-13,"Number of Floor/Plots Currently Sanctioned: 21
Number of Floor/Plots Proposed: 21
Number of Floors Constructed: 0"
PBRERA-SAS81-PR0522,T-10,"Number of Floor/Plots Currently Sanctioned: 20
Number of Floor/Plots Proposed: 20
Number of Floors Constructed: 0"
PBRERA-SAS81-PR0457,RESIDENTIAL UNITS,"Number of Floor/Plots Currently Sanctioned: 4
Number of Floor/Plots Proposed: 4
Number of Floors Constructed: 0"
PBRERA-SAS81-PR0451,TOWER 4,"Number of Floor/Plots Currently Sanctioned: 11
Number of Floor/Plots Proposed: 11
Number of Floors Constructed: 0"
PBRERA-SAS81-PR0451,TOWER 5,"Number of Floor/Plots Currently Sanctioned: 11
Number of Floor/Plots Proposed: 11
Number of Floors Constructed: 0"
PBRERA-SAS81-PR0451,TOWER 6,"Number of Floor/Plots Currently Sanctioned: 11
Number of Floor/Plots Proposed: 11
Number of Floors Constructed: 0"
PBRERA-SAS81-PR0451,TOWER 7,"Number of Floor/Plots Currently Sanctioned: 11
Number of Floor/Plots Proposed: 11
Number of Floors Constructed: 0"
PBRERA-SAS81-PR0451,TOWER 8,"Number of Floor/Plots Currently Sanctioned: 11
Number of Floor/Plots Proposed: 11
Number of Floors Constructed: 0"
PBRERA-SAS81-PR0451,TOWER 9,"Number of Floor/Plots Currently Sanctioned: 11
Number of Floor/Plots Proposed: 11
Number of Floors Constructed: 0"
PBRERA-SAS81-PR0391,TOWER 1 OR TOWER H,"Number of Floor/Plots Currently Sanctioned: 23
Number of Floor/Plots Proposed: 23
Number of Floors Constructed: 0"
PBRERA-SAS81-PR0391,TOWER 2 OR TOWER G,"Number of Floor/Plots Currently Sanctioned: 23
Number of Floor/Plots Proposed: 23
Number of Floors Constructed: 0"
PBRERA-SAS81-PR0391,TOWER 3 OR TOWER F,"Number of Floor/Plots Currently Sanctioned: 23
Number of Floor/Plots Proposed: 23
Number of Floors Constructed: 0"
PBRERA-SAS81-PR0391,BLOCK 3 - DEPARTMENTAL STORE,"Number of Floor/Plots Currently Sanctioned: 1
Number of Floor/Plots Proposed: 1
Number of Floors Constructed: 0"
PBRERA-SAS81-PR0391,TOWER 8 OR TOWER A,"Number of Floor/Plots Currently Sanctioned: 23
Number of Floor/Plots Proposed: 23
Number of Floors Constructed: 0"
PBRERA-SAS81-PR0391,TOWER 6 OR TOWER C,"Number of Floor/Plots Currently Sanctioned: 24
Number of Floor/Plots Proposed: 24
Number of Floors Constructed: 0"
PBRERA-SAS81-PR0391,TOWER 5 OR TOWER D,"Number of Floor/Plots Currently Sanctioned: 24
Number of Floor/Plots Proposed: 24
Number of Floors Constructed: 0"
PBRERA-SAS81-PR0391,TOWER 4 OR TOWER E,"Number of Floor/Plots Currently Sanctioned: 24
Number of Floor/Plots Proposed: 24
Number of Floors Constructed: 0"
PBRERA-SAS81-PR0391,TOWER 7 OR TOWER B,"Number of Floor/Plots Currently Sanctioned: 24
Number of Floor/Plots Proposed: 24
Number of Floors Constructed: 0"
PBRERA-SAS81-PR0382,GALAXY HEIGHTS TOWER A PHASE-3,"Number of Floor/Plots Currently Sanctioned: 16
Number of Floor/Plots Proposed: 80
Number of Floors Constructed: 16"
PBRERA-SAS81-PR0327,IREO RISE-TOWER 2 AND 3,"Number of Floor/Plots Currently Sanctioned: 9
Number of Floor/Plots Proposed: 9
Number of Floors Constructed: 9"
PBRERA-SAS81-PR0319,IREO HAMLET,"Number of Floor/Plots Currently Sanctioned: 22
Number of Floor/Plots Proposed: 22
Number of Floors Constructed: 0"
PBRERA-SAS81-PR0308,WELLINGTON HEIGHT 2,"Number of Floor/Plots Currently Sanctioned: 11
Number of Floor/Plots Proposed: 11
Number of Floors Constructed: 11"
PBRERA-SAS81-PR0199,SKY GARDEN PHASE-1 TOWER-ABJK,"Number of Floor/Plots Currently Sanctioned: 12
Number of Floor/Plots Proposed: 12
Number of Floors Constructed: 12"
PBRERA-SAS81-PR0170,GALAXY HEIGHTS POCKET 2A PHASE 2,"Number of Floor/Plots Currently Sanctioned: 16
Number of Floor/Plots Proposed: 16
Number of Floors Constructed: 2"
PBRERA-SAS81-PR0154,TOWER-D,"Number of Floor/Plots Currently Sanctioned: 16
Number of Floor/Plots Proposed: 16
Number of Floors Constructed: 16"
PBRERA-SAS81-PR0154,TOWER-C,"Number of Floor/Plots Currently Sanctioned: 17
Number of Floor/Plots Proposed: 17
Number of Floors Constructed: 17"
PBRERA-SAS81-PR0154,TOWER-B,"Number of Floor/Plots Currently Sanctioned: 18
Number of Floor/Plots Proposed: 18
Number of Floors Constructed: 18"
PBRERA-SAS81-PR0154,TOWER-E,"Number of Floor/Plots Currently Sanctioned: 16
Number of Floor/Plots Proposed: 16
Number of Floors Constructed: 16"
PBRERA-SAS81-PR0154,TOWER-F,"Number of Floor/Plots Currently Sanctioned: 15
Number of Floor/Plots Proposed: 15
Number of Floors Constructed: 15"
PBRERA-SAS81-PR0154,TOWER-G,"Number of Floor/Plots Currently Sanctioned: 14
Number of Floor/Plots Proposed: 14
Number of Floors Constructed: 14"
PBRERA-SAS81-PR0154,TOWER-H,"Number of Floor/Plots Currently Sanctioned: 13
Number of Floor/Plots Proposed: 13
Number of Floors Constructed: 13"
PBRERA-SAS81-PR0154,TOWER-T,"Number of Floor/Plots Currently Sanctioned: 9
Number of Floor/Plots Proposed: 9
Number of Floors Constructed: 9"
PBRERA-SAS81-PR0148,BLOCK-B,"Number of Floor/Plots Currently Sanctioned: 101
Number of Floor/Plots Proposed: 101
Number of Floors Constructed: 0"
PBRERA-SAS81-PR0142,WELLINGTON HEIGHT EXTENSION,"Number of Floor/Plots Currently Sanctioned: 64
Number of Floor/Plots Proposed: 64
Number of Floors Constructed: 64"
PBRERA-SAS81-PR0124,TOWER 1,"Number of Floor/Plots Currently Sanctioned: 13
Number of Floor/Plots Proposed: 13
Number of Floors Constructed: 13"
PBRERA-SAS81-PR0124,TOWER 2,"Number of Floor/Plots Currently Sanctioned: 13
Number of Floor/Plots Proposed: 13
Number of Floors Constructed: 13"
PBRERA-SAS81-PR0124,TOWER 3,"Number of Floor/Plots Currently Sanctioned: 13
Number of Floor/Plots Proposed: 13
Number of Floors Constructed: 13"
PBRERA-SAS81-PR0124,TOWER 4,"Number of Floor/Plots Currently Sanctioned: 13
Number of Floor/Plots Proposed: 13
Number of Floors Constructed: 13"
PBRERA-SAS81-PR0124,TOWER 5,"Number of Floor/Plots Currently Sanctioned: 13
Number of Floor/Plots Proposed: 13
Number of Floors Constructed: 13"
PBRERA-SAS81-PR0124,TOWER 6,"Number of Floor/Plots Currently Sanctioned: 13
Number of Floor/Plots Proposed: 13
Number of Floors Constructed: 13"
PBRERA-SAS81-PM0121,PLOTS SIZE LP- 500 SQ YARD,"Number of Floor/Plots Currently Sanctioned: 398
Number of Floor/Plots Proposed: 398
Number of Floors Constructed: 0"
PBRERA-SAS81-PM0121,PLOTS SIZE LP- 400 SQ YARD,"Number of Floor/Plots Currently Sanctioned: 204
Number of Floor/Plots Proposed: 204
Number of Floors Constructed: 0"
PBRERA-SAS81-PM0121,PLOTS SIZE LP2- 200 SQ YARD,"Number of Floor/Plots Currently Sanctioned: 51
Number of Floor/Plots Proposed: 51
Number of Floors Constructed: 0"
PBRERA-SAS81-PM0121,PLOTS SIZE LP1- 200 SQ YARD,"Number of Floor/Plots Currently Sanctioned: 500
Number of Floor/Plots Proposed: 500
Number of Floors Constructed: 0"
PBRERA-SAS81-PM0121,PLOTS SIZE LP2- 300 SQ YARD,"Number of Floor/Plots Currently Sanctioned: 6
Number of Floor/Plots Proposed: 6
Number of Floors Constructed: 0"
PBRERA-SAS81-PM0121,PLOTS SIZE LP1- 300 SQ YARD,"Number of Floor/Plots Currently Sanctioned: 500
Number of Floor/Plots Proposed: 500
Number of Floors Constructed: 0"
PBRERA-SAS81-PM0121,PLOTS SIZE LP- 100 SQ YARD,"Number of Floor/Plots Currently Sanctioned: 468
Number of Floor/Plots Proposed: 468
Number of Floors Constructed: 0"
PBRERA-SAS81-PM0121,PURAB PREMIUM APARTMENT BLOCK A,"Number of Floor/Plots Currently Sanctioned: 360
Number of Floor/Plots Proposed: 360
Number of Floors Constructed: 360"
PBRERA-SAS81-PM0121,PURAB PREMIUM APARTMENT BLOCK B,"Number of Floor/Plots Currently Sanctioned: 360
Number of Floor/Plots Proposed: 360
Number of Floors Constructed: 360"
PBRERA-SAS81-PM0121,PURAB PREMIUM APARTMENT BLOCK C,"Number of Floor/Plots Currently Sanctioned: 480
Number of Floor/Plots Proposed: 480
Number of Floors Constructed: 480"
PBRERA-SAS81-PM0121,PURAB PREMIUM APARTMENT BLOCK D,"Number of Floor/Plots Currently Sanctioned: 420
Number of Floor/Plots Proposed: 420
Number of Floors Constructed: 420"
PBRERA-SAS81-PM0072,BLOCK A,"Number of Floor/Plots Currently Sanctioned: 3
Number of Floor/Plots Proposed: 3
Number of Floors Constructed: 3"
PBRERA-SAS81-PM0072,BLOCK B,"Number of Floor/Plots Currently Sanctioned: 3
Number of Floor/Plots Proposed: 3
Number of Floors Constructed: 3"
PBRERA-SAS81-PM0072,BLOCK C,"Number of Floor/Plots Currently Sanctioned: 3
Number of Floor/Plots Proposed: 3
Number of Floors Constructed: 3"
PBRERA-SAS81-PM0072,BLOCK D,"Number of Floor/Plots Currently Sanctioned: 3
Number of Floor/Plots Proposed: 3
Number of Floors Constructed: 3"
PBRERA-SAS81-PM0072,BLOCK E,"Number of Floor/Plots Currently Sanctioned: 3
Number of Floor/Plots Proposed: 3
Number of Floors Constructed: 3"
PBRERA-SAS81-PM0072,COMMERCIAL,"Number of Floor/Plots Currently Sanctioned: 21
Number of Floor/Plots Proposed: 21
Number of Floors Constructed: 0"
PBRERA-SAS81-PM0006,BLOCK-A,"Number of Floor/Plots Currently Sanctioned: 19
Number of Floor/Plots Proposed: 19
Number of Floors Constructed: 10"
PBRERA-SAS81-PM0006,BLOCK-B,"Number of Floor/Plots Currently Sanctioned: 18
Number of Floor/Plots Proposed: 18
Number of Floors Constructed: 18"
PBRERA-SAS81-PM0006,BLOCK-C,"Number of Floor/Plots Currently Sanctioned: 19
Number of Floor/Plots Proposed: 19
Number of Floors Constructed: 10"
PBRERA-SAS81-PM0006,BLOCK-D,"Number of Floor/Plots Currently Sanctioned: 18
Number of Floor/Plots Proposed: 18
Number of Floors Constructed: 10"
PBRERA-SAS81-PM0004,FALCON VIEW PHASE-2 TOWER-CDEFGH,"Number of Floor/Plots Currently Sanctioned: 16
Number of Floor/Plots Proposed: 16
Number of Floors Constructed: 16"
PBRERA-SAS81-PM0003,FALCON VIEW PHASE-1 TOWER-ABXY,"Number of Floor/Plots Currently Sanctioned: 16
Number of Floor/Plots Proposed: 16
Number of Floors Constructed: 16"
PBRERA-SAS80-PR0927,BLOCK 1 S PLUS 14,"Number of Floor/Plots Currently Sanctioned: 14
Number of Floor/Plots Proposed: 14
Number of Floors Constructed: 0"
PBRERA-SAS80-PR0927,BLOCK 1 S PLUS 16,"Number of Floor/Plots Currently Sanctioned: 16
Number of Floor/Plots Proposed: 16
Number of Floors Constructed: 0"
PBRERA-SAS80-PR0927,EWS BLOCK,"Number of Floor/Plots Currently Sanctioned: 4
Number of Floor/Plots Proposed: 4
Number of Floors Constructed: 0"
PBRERA-SAS80-PR0877,BLOCK A1,"Number of Floor/Plots Currently Sanctioned: 12
Number of Floor/Plots Proposed: 12
Number of Floors Constructed: 0"
PBRERA-SAS80-PR0877,CLUB HOUSE,"Number of Floor/Plots Currently Sanctioned: 2
Number of Floor/Plots Proposed: 2
Number of Floors Constructed: 0"
PBRERA-SAS80-PR0877,BLOCK A TOWER 2,"Number of Floor/Plots Currently Sanctioned: 11
Number of Floor/Plots Proposed: 11
Number of Floors Constructed: 0"
PBRERA-SAS80-PR0877,BLOCK A TOWER 1,"Number of Floor/Plots Currently Sanctioned: 11
Number of Floor/Plots Proposed: 11
Number of Floors Constructed: 0"
PBRERA-SAS80-PR0877,BLOCK A TOWER 3,"Number of Floor/Plots Currently Sanctioned: 11
Number of Floor/Plots Proposed: 11
Number of Floors Constructed: 0"
PBRERA-SAS80-PR0860,RESIDENTIAL PLOTS,"Number of Floor/Plots Currently Sanctioned: 500
Number of Floor/Plots Proposed: 500
Number of Floors Constructed: 0"
PBRERA-SAS80-PR0860,RESIDENTIAL PLOTS,"Number of Floor/Plots Currently Sanctioned: 60
Number of Floor/Plots Proposed: 60
Number of Floors Constructed: 0"
PBRERA-SAS80-PR0860,SHOPS,"Number of Floor/Plots Currently Sanctioned: 26
Number of Floor/Plots Proposed: 26
Number of Floors Constructed: 0"
PBRERA-SAS80-PR0834,RESIDENTIAL PLOTS,"Number of Floor/Plots Currently Sanctioned: 241
Number of Floor/Plots Proposed: 241
Number of Floors Constructed: 0"
PBRERA-SAS80-PR0834,COMMERCIAL PLOTS,"Number of Floor/Plots Currently Sanctioned: 37
Number of Floor/Plots Proposed: 37
Number of Floors Constructed: 0"
PBRERA-SAS80-PR0781,INDEPENDENT FLOORS PLOTS,"Number of Floor/Plots Currently Sanctioned: 53
Number of Floor/Plots Proposed: 53
Number of Floors Constructed: 0"
PBRERA-SAS80-PR0781,RESIDENTIAL PLOTS,"Number of Floor/Plots Currently Sanctioned: 16
Number of Floor/Plots Proposed: 16
Number of Floors Constructed: 0"
PBRERA-SAS80-PR0781,EWS SITE,"Number of Floor/Plots Currently Sanctioned: 1
Number of Floor/Plots Proposed: 1
Number of Floors Constructed: 0"
PBRERA-SAS80-PR0668,BLOCK A1,"Number of Floor/Plots Currently Sanctioned: 15
Number of Floor/Plots Proposed: 15
Number of Floors Constructed: 0"
PBRERA-SAS80-PR0668,BLOCK A2,"Number of Floor/Plots Currently Sanctioned: 15
Number of Floor/Plots Proposed: 15
Number of Floors Constructed: 0"
PBRERA-SAS80-PR0668,BLOCK A3,"Number of Floor/Plots Currently Sanctioned: 15
Number of Floor/Plots Proposed: 15
Number of Floors Constructed: 0"
PBRERA-SAS80-PR0668,BLOCK A4,"Number of Floor/Plots Currently Sanctioned: 15
Number of Floor/Plots Proposed: 15
Number of Floors Constructed: 0"
PBRERA-SAS80-PR0668,BLOCK A5,"Number of Floor/Plots Currently Sanctioned: 15
Number of Floor/Plots Proposed: 15
Number of Floors Constructed: 0"
PBRERA-SAS80-PR0668,BLOCK A6,"Number of Floor/Plots Currently Sanctioned: 15
Number of Floor/Plots Proposed: 15
Number of Floors Constructed: 0"
PBRERA-SAS80-PR0668,BLOCK A7,"Number of Floor/Plots Currently Sanctioned: 15
Number of Floor/Plots Proposed: 15
Number of Floors Constructed: 0"
PBRERA-SAS80-PR0668,BLOCK B1,"Number of Floor/Plots Currently Sanctioned: 15
Number of Floor/Plots Proposed: 15
Number of Floors Constructed: 0"
PBRERA-SAS80-PR0668,BLOCK B2,"Number of Floor/Plots Currently Sanctioned: 15
Number of Floor/Plots Proposed: 15
Number of Floors Constructed: 0"
PBRERA-SAS80-PR0668,BLOCK B3,"Number of Floor/Plots Currently Sanctioned: 15
Number of Floor/Plots Proposed: 15
Number of Floors Constructed: 0"
PBRERA-SAS80-PR0668,BLOCK C1,"Number of Floor/Plots Currently Sanctioned: 7
Number of Floor/Plots Proposed: 7
Number of Floors Constructed: 0"
PBRERA-SAS80-PR0668,BLOCK C2,"Number of Floor/Plots Currently Sanctioned: 7
Number of Floor/Plots Proposed: 7
Number of Floors Constructed: 0"
PBRERA-SAS80-PR0668,BLOCK C3,"Number of Floor/Plots Currently Sanctioned: 7
Number of Floor/Plots Proposed: 7
Number of Floors Constructed: 0"
PBRERA-SAS80-PR0668,BLOCK C4,"Number of Floor/Plots Currently Sanctioned: 7
Number of Floor/Plots Proposed: 7
Number of Floors Constructed: 0"
PBRERA-SAS80-PR0668,BLOCK C5,"Number of Floor/Plots Currently Sanctioned: 7
Number of Floor/Plots Proposed: 7
Number of Floors Constructed: 0"
PBRERA-SAS80-PR0668,BLOCK D,"Number of Floor/Plots Currently Sanctioned: 10
Number of Floor/Plots Proposed: 10
Number of Floors Constructed: 0"
PBRERA-SAS80-PR0668,BLOCK E,"Number of Floor/Plots Currently Sanctioned: 2
Number of Floor/Plots Proposed: 2
Number of Floors Constructed: 0"
PBRERA-SAS80-PR0668,BLOCK F,"Number of Floor/Plots Currently Sanctioned: 1
Number of Floor/Plots Proposed: 1
Number of Floors Constructed: 0"
PBRERA-SAS80-PR0398,TRIOMPHE A UNIT 2 AND 3,"Number of Floor/Plots Currently Sanctioned: 32
Number of Floor/Plots Proposed: 32
Number of Floors Constructed: 0"
PBRERA-SAS80-PR0398,TRIOMPHE B,"Number of Floor/Plots Currently Sanctioned: 64
Number of Floor/Plots Proposed: 64
Number of Floors Constructed: 0"
PBRERA-SAS80-PR0398,TRIOMPHE C,"Number of Floor/Plots Currently Sanctioned: 64
Number of Floor/Plots Proposed: 64
Number of Floors Constructed: 0"
PBRERA-SAS80-PR0398,TRIOMPHE D UNIT 2 AND 3,"Number of Floor/Plots Currently Sanctioned: 32
Number of Floor/Plots Proposed: 32
Number of Floors Constructed: 0"
PBRERA-SAS80-PR0398,TRIOMPHE D UNIT 1 AND 4,"Number of Floor/Plots Currently Sanctioned: 32
Number of Floor/Plots Proposed: 32
Number of Floors Constructed: 0"
PBRERA-SAS80-PR0398,TRIOMPHE A UNIT 1 AND 4,"Number of Floor/Plots Currently Sanctioned: 32
Number of Floor/Plots Proposed: 32
Number of Floors Constructed: 0"
PBRERA-SAS80-PR0287,TOWER 1,"Number of Floor/Plots Currently Sanctioned: 128
Number of Floor/Plots Proposed: 128
Number of Floors Constructed: 0"
PBRERA-SAS80-PR0287,TOWER- 12,"Number of Floor/Plots Currently Sanctioned: 64
Number of Floor/Plots Proposed: 64
Number of Floors Constructed: 0"
PBRERA-SAS80-PR0271,BLOCK A,"Number of Floor/Plots Currently Sanctioned: 69
Number of Floor/Plots Proposed: 69
Number of Floors Constructed: 69"
PBRERA-SAS80-PR0271,BLOCK B,"Number of Floor/Plots Currently Sanctioned: 375
Number of Floor/Plots Proposed: 375
Number of Floors Constructed: 375"
PBRERA-SAS80-PR0271,BLOCK C,"Number of Floor/Plots Currently Sanctioned: 85
Number of Floor/Plots Proposed: 85
Number of Floors Constructed: 85"
PBRERA-SAS80-PR0271,BLOCK D,"Number of Floor/Plots Currently Sanctioned: 8
Number of Floor/Plots Proposed: 8
Number of Floors Constructed: 8"
PBRERA-SAS80-PR0271,BLOCK E,"Number of Floor/Plots Currently Sanctioned: 23
Number of Floor/Plots Proposed: 23
Number of Floors Constructed: 23"
PBRERA-SAS80-PR0269,RESIDENTIAL,"Number of Floor/Plots Currently Sanctioned: 50
Number of Floor/Plots Proposed: 50
Number of Floors Constructed: 0"
PBRERA-SAS80-PR0210,RESIDENTIAL,"Number of Floor/Plots Currently Sanctioned: 7
Number of Floor/Plots Proposed: 7
Number of Floors Constructed: 0"
PBRERA-SAS80-PR0210,COMMERCIAL,"Number of Floor/Plots Currently Sanctioned: 27
Number of Floor/Plots Proposed: 27
Number of Floors Constructed: 0"
PBRERA-SAS80-PR0210,INDUSTRIAL,"Number of Floor/Plots Currently Sanctioned: 1
Number of Floor/Plots Proposed: 1
Number of Floors Constructed: 0"
PBRERA-SAS80-PR0210,RESIDENTIAL,"Number of Floor/Plots Currently Sanctioned: 500
Number of Floor/Plots Proposed: 500
Number of Floors Constructed: 0"
PBRERA-SAS80-PR0210,GROUP HOUSING,"Number of Floor/Plots Currently Sanctioned: 1
Number of Floor/Plots Proposed: 1
Number of Floors Constructed: 0"
PBRERA-SAS80-PR0198,RESIDENTIAL UNITS,"Number of Floor/Plots Currently Sanctioned: 24
Number of Floor/Plots Proposed: 24
Number of Floors Constructed: 0"
PBRERA-SAS80-PR0197,BLOCK 06,"Number of Floor/Plots Currently Sanctioned: 11
Number of Floor/Plots Proposed: 11
Number of Floors Constructed: 0"
PBRERA-SAS80-PR0197,BLOCK 01 A,"Number of Floor/Plots Currently Sanctioned: 4
Number of Floor/Plots Proposed: 4
Number of Floors Constructed: 0"
PBRERA-SAS80-PR0197,MEETING HALL,"Number of Floor/Plots Currently Sanctioned: 1
Number of Floor/Plots Proposed: 1
Number of Floors Constructed: 0"
PBRERA-SAS80-PR0197,BLOCK 1,"Number of Floor/Plots Currently Sanctioned: 4
Number of Floor/Plots Proposed: 4
Number of Floors Constructed: 0"
PBRERA-SAS80-PR0197,BLOCK 01 B,"Number of Floor/Plots Currently Sanctioned: 4
Number of Floor/Plots Proposed: 4
Number of Floors Constructed: 0"
PBRERA-SAS80-PR0197,BLOCK 02,"Number of Floor/Plots Currently Sanctioned: 3
Number of Floor/Plots Proposed: 3
Number of Floors Constructed: 0"
PBRERA-SAS80-PR0197,BLOCK 02 A,"Number of Floor/Plots Currently Sanctioned: 3
Number of Floor/Plots Proposed: 3
Number of Floors Constructed: 0"
PBRERA-SAS80-PR0197,BLOCK 03,"Number of Floor/Plots Currently Sanctioned: 12
Number of Floor/Plots Proposed: 12
Number of Floors Constructed: 0"
PBRERA-SAS80-PR0197,BLOCK 04,"Number of Floor/Plots Currently Sanctioned: 12
Number of Floor/Plots Proposed: 12
Number of Floors Constructed: 0"
PBRERA-SAS80-PR0197,BLOCK 05,"Number of Floor/Plots Currently Sanctioned: 12
Number of Floor/Plots Proposed: 12
Number of Floors Constructed: 0"
PBRERA-SAS80-PR0197,BLOCK 6 3BHK,"Number of Floor/Plots Currently Sanctioned: 22
Number of Floor/Plots Proposed: 22
Number of Floors Constructed: 0"
PBRERA-SAS80-PR0067,BLOCK 3,"Number of Floor/Plots Currently Sanctioned: 12
Number of Floor/Plots Proposed: 12
Number of Floors Constructed: 0"
PBRERA-SAS80-PR0067,BLOCK 9,"Number of Floor/Plots Currently Sanctioned: 1
Number of Floor/Plots Proposed: 1
Number of Floors Constructed: 0"
PBRERA-SAS80-PR0067,BLOCK 10,"Number of Floor/Plots Currently Sanctioned: 1
Number of Floor/Plots Proposed: 1
Number of Floors Constructed: 0"
PBRERA-SAS80-PR0067,BLOCK 1,"Number of Floor/Plots Currently Sanctioned: 4
Number of Floor/Plots Proposed: 4
Number of Floors Constructed: 3"
PBRERA-SAS80-PR0067,BLOCK 2,"Number of Floor/Plots Currently Sanctioned: 4
Number of Floor/Plots Proposed: 4
Number of Floors Constructed: 3"
PBRERA-SAS80-PR0067,BLOCK 4,"Number of Floor/Plots Currently Sanctioned: 6
Number of Floor/Plots Proposed: 6
Number of Floors Constructed: 6"
PBRERA-SAS80-PR0067,BLOCK 5,"Number of Floor/Plots Currently Sanctioned: 3
Number of Floor/Plots Proposed: 3
Number of Floors Constructed: 3"
PBRERA-SAS80-PR0067,BLOCK 6,"Number of Floor/Plots Currently Sanctioned: 3
Number of Floor/Plots Proposed: 3
Number of Floors Constructed: 3"
PBRERA-SAS80-PR0067,BLOCK 7,"Number of Floor/Plots Currently Sanctioned: 3
Number of Floor/Plots Proposed: 3
Number of Floors Constructed: 3"
PBRERA-SAS80-PR0067,BLOCK 8,"Number of Floor/Plots Currently Sanctioned: 3
Number of Floor/Plots Proposed: 3
Number of Floors Constructed: 3"
PBRERA-SAS80-PM0166,COMMERCIAL POCKET 2 BOOTH,"Number of Floor/Plots Currently Sanctioned: 20
Number of Floor/Plots Proposed: 25
Number of Floors Constructed: 0"
PBRERA-SAS80-PM0166,COMMERCIAL POCKET 1 BOOTH,"Number of Floor/Plots Currently Sanctioned: 46
Number of Floor/Plots Proposed: 59
Number of Floors Constructed: 0"
PBRERA-SAS80-PM0166,COMMERCIAL POCKET 1 SCO,"Number of Floor/Plots Currently Sanctioned: 8
Number of Floor/Plots Proposed: 12
Number of Floors Constructed: 0"
PBRERA-SAS80-PM0166,COMMERCIAL POCKET 1 SHOPS,"Number of Floor/Plots Currently Sanctioned: 18
Number of Floor/Plots Proposed: 22
Number of Floors Constructed: 0"
PBRERA-SAS80-PM0166,COMMERCIAL POCKET 3 BOOTH,"Number of Floor/Plots Currently Sanctioned: 21
Number of Floor/Plots Proposed: 31
Number of Floors Constructed: 0"
PBRERA-SAS80-PM0166,SIGNATURE LAKE CITY PLOTS,"Number of Floor/Plots Currently Sanctioned: 368
Number of Floor/Plots Proposed: 419
Number of Floors Constructed: 0"
PBRERA-SAS80-PM0027,RESIDENTIAL,"Number of Floor/Plots Currently Sanctioned: 500
Number of Floor/Plots Proposed: 500
Number of Floors Constructed: 0"
PBRERA-SAS80-PM0027,RESIDENTIAL,"Number of Floor/Plots Currently Sanctioned: 11
Number of Floor/Plots Proposed: 11
Number of Floors Constructed: 0"
PBRERA-SAS80-PM0027,COMMERCIAL,"Number of Floor/Plots Currently Sanctioned: 20
Number of Floor/Plots Proposed: 20
Number of Floors Constructed: 0"
PBRERA-SAS80-PM0021,COMMERCIAL,"Number of Floor/Plots Currently Sanctioned: 16
Number of Floor/Plots Proposed: 16
Number of Floors Constructed: 0"
PBRERA-SAS80-PM0021,RESIDENTIAL,"Number of Floor/Plots Currently Sanctioned: 86
Number of Floor/Plots Proposed: 86
Number of Floors Constructed: 0"
PBRERA-SAS79-PR0893,BLOCK A,"Number of Floor/Plots Currently Sanctioned: 14
Number of Floor/Plots Proposed: 14
Number of Floors Constructed: 0"
PBRERA-SAS79-PR0893,BLOCK B,"Number of Floor/Plots Currently Sanctioned: 14
Number of Floor/Plots Proposed: 14
Number of Floors Constructed: 0"
PBRERA-SAS79-PR0893,BLOCK C,"Number of Floor/Plots Currently Sanctioned: 12
Number of Floor/Plots Proposed: 12
Number of Floors Constructed: 0"
PBRERA-SAS79-PR0893,BLOCK D,"Number of Floor/Plots Currently Sanctioned: 12
Number of Floor/Plots Proposed: 12
Number of Floors Constructed: 0"
PBRERA-SAS79-PR0893,EWS BLOCK E,"Number of Floor/Plots Currently Sanctioned: 8
Number of Floor/Plots Proposed: 8
Number of Floors Constructed: 0"
PBRERA-SAS79-PR0844,TOWER 1,"Number of Floor/Plots Currently Sanctioned: 21
Number of Floor/Plots Proposed: 21
Number of Floors Constructed: 0"
PBRERA-SAS79-PR0844,TOWER 2,"Number of Floor/Plots Currently Sanctioned: 21
Number of Floor/Plots Proposed: 21
Number of Floors Constructed: 0"
PBRERA-SAS79-PR0844,TOWER 3,"Number of Floor/Plots Currently Sanctioned: 21
Number of Floor/Plots Proposed: 21
Number of Floors Constructed: 0"
PBRERA-SAS79-PR0844,TOWER 4,"Number of Floor/Plots Currently Sanctioned: 21
Number of Floor/Plots Proposed: 21
Number of Floors Constructed: 0"
PBRERA-SAS79-PR0844,TOWER 5,"Number of Floor/Plots Currently Sanctioned: 21
Number of Floor/Plots Proposed: 21
Number of Floors Constructed: 0"
PBRERA-SAS79-PR0844,TOWER 6,"Number of Floor/Plots Currently Sanctioned: 21
Number of Floor/Plots Proposed: 21
Number of Floors Constructed: 0"
PBRERA-SAS79-PR0844,TOWER 7,"Number of Floor/Plots Currently Sanctioned: 21
Number of Floor/Plots Proposed: 21
Number of Floors Constructed: 0"
PBRERA-SAS79-PR0844,TOWER 8,"Number of Floor/Plots Currently Sanctioned: 21
Number of Floor/Plots Proposed: 21
Number of Floors Constructed: 0"
PBRERA-SAS79-PR0844,TOWER 9,"Number of Floor/Plots Currently Sanctioned: 23
Number of Floor/Plots Proposed: 23
Number of Floors Constructed: 0"
PBRERA-SAS79-PR0844,TOWER 10,"Number of Floor/Plots Currently Sanctioned: 24
Number of Floor/Plots Proposed: 24
Number of Floors Constructed: 0"
PBRERA-SAS79-PR0844,BLOCK 2,"Number of Floor/Plots Currently Sanctioned: 1
Number of Floor/Plots Proposed: 1
Number of Floors Constructed: 0"
PBRERA-SAS79-PR0844,BLOCK 3 AND 4,"Number of Floor/Plots Currently Sanctioned: 1
Number of Floor/Plots Proposed: 1
Number of Floors Constructed: 0"
PBRERA-SAS79-PR0844,COMMERCIAL POCKET-1,"Number of Floor/Plots Currently Sanctioned: 7
Number of Floor/Plots Proposed: 7
Number of Floors Constructed: 0"
PBRERA-SAS79-PR0844,COMMERCIAL POCKET-2,"Number of Floor/Plots Currently Sanctioned: 3
Number of Floor/Plots Proposed: 3
Number of Floors Constructed: 0"
PBRERA-SAS79-PR0844,COMMERCIAL POCKET-3,"Number of Floor/Plots Currently Sanctioned: 3
Number of Floor/Plots Proposed: 3
Number of Floors Constructed: 0"
PBRERA-SAS79-PR0844,BLOCK-1,"Number of Floor/Plots Currently Sanctioned: 1
Number of Floor/Plots Proposed: 1
Number of Floors Constructed: 0"
PBRERA-SAS79-PR0824,COMMERCIAL PLOTS,"Number of Floor/Plots Currently Sanctioned: 8
Number of Floor/Plots Proposed: 8
Number of Floors Constructed: 0"
PBRERA-SAS79-PR0824,RESIDENTIAL PLOTS,"Number of Floor/Plots Currently Sanctioned: 88
Number of Floor/Plots Proposed: 88
Number of Floors Constructed: 0"
PBRERA-SAS79-PR0727,RESIDENTIAL PLOTS,"Number of Floor/Plots Currently Sanctioned: 167
Number of Floor/Plots Proposed: 167
Number of Floors Constructed: 0"
PBRERA-SAS79-PR0692,BOLLYWOOD GREEN CITY IN PLOT 85-108,"Number of Floor/Plots Currently Sanctioned: 4
Number of Floor/Plots Proposed: 4
Number of Floors Constructed: 0"
PBRERA-SAS79-PR0546,TOWER 1,"Number of Floor/Plots Currently Sanctioned: 13
Number of Floor/Plots Proposed: 13
Number of Floors Constructed: 0"
PBRERA-SAS79-PR0546,TOWER 2,"Number of Floor/Plots Currently Sanctioned: 12
Number of Floor/Plots Proposed: 12
Number of Floors Constructed: 0"
PBRERA-SAS79-PR0546,TOWER 3,"Number of Floor/Plots Currently Sanctioned: 13
Number of Floor/Plots Proposed: 13
Number of Floors Constructed: 0"
PBRERA-SAS79-PR0546,TOWER 4,"Number of Floor/Plots Currently Sanctioned: 14
Number of Floor/Plots Proposed: 14
Number of Floors Constructed: 0"
PBRERA-SAS79-PR0546,TOWER 5A,"Number of Floor/Plots Currently Sanctioned: 13
Number of Floor/Plots Proposed: 13
Number of Floors Constructed: 0"
PBRERA-SAS79-PR0546,TOWER 5B,"Number of Floor/Plots Currently Sanctioned: 13
Number of Floor/Plots Proposed: 13
Number of Floors Constructed: 0"
PBRERA-SAS79-PR0546,TOWER 5C,"Number of Floor/Plots Currently Sanctioned: 13
Number of Floor/Plots Proposed: 13
Number of Floors Constructed: 0"
PBRERA-SAS79-PR0546,TOWER 6A,"Number of Floor/Plots Currently Sanctioned: 12
Number of Floor/Plots Proposed: 12
Number of Floors Constructed: 0"
PBRERA-SAS79-PR0546,TOWER 6B,"Number of Floor/Plots Currently Sanctioned: 12
Number of Floor/Plots Proposed: 12
Number of Floors Constructed: 0"
PBRERA-SAS79-PR0546,SHOPS,"Number of Floor/Plots Currently Sanctioned: 1
Number of Floor/Plots Proposed: 1
Number of Floors Constructed: 0"
PBRERA-SAS79-PR0546,CLUB,"Number of Floor/Plots Currently Sanctioned: 1
Number of Floor/Plots Proposed: 1
Number of Floors Constructed: 0"
PBRERA-SAS79-PR0464,SIGNATURE CITY,"Number of Floor/Plots Currently Sanctioned: 500
Number of Floor/Plots Proposed: 500
Number of Floors Constructed: 0"
PBRERA-SAS79-PR0464,SIGNATURE CITY,"Number of Floor/Plots Currently Sanctioned: 201
Number of Floor/Plots Proposed: 201
Number of Floors Constructed: 0"
PBRERA-SAS79-PR0464,SIGNATURE CITY,"Number of Floor/Plots Currently Sanctioned: 10
Number of Floor/Plots Proposed: 10
Number of Floors Constructed: 0"
PBRERA-SAS79-PR0464,SIGNATURE CITY,"Number of Floor/Plots Currently Sanctioned: 21
Number of Floor/Plots Proposed: 21
Number of Floors Constructed: 0"
PBRERA-SAS79-PR0462,RIVERDALE EXTENTION,"Number of Floor/Plots Currently Sanctioned: 152
Number of Floor/Plots Proposed: 152
Number of Floors Constructed: 0"
PBRERA-SAS79-PR0462,COMMERCIAL PLOTS,"Number of Floor/Plots Currently Sanctioned: 21
Number of Floor/Plots Proposed: 21
Number of Floors Constructed: 0"
PBRERA-SAS79-PC0267,COMMERCIAL PLOTS,"Number of Floor/Plots Currently Sanctioned: 12
Number of Floor/Plots Proposed: 12
Number of Floors Constructed: 0"
PBRERA-LDH45-PR0415,POCKET 6,"Number of Floor/Plots Currently Sanctioned: 43
Number of Floor/Plots Proposed: 43
Number of Floors Constructed: 0"
PBRERA-LDH45-PR0414,POCKET 9,"Number of Floor/Plots Currently Sanctioned: 22
Number of Floor/Plots Proposed: 22
Number of Floors Constructed: 0"
PBRERA-LDH45-PR0387,POCKET 5,"Number of Floor/Plots Currently Sanctioned: 33
Number of Floor/Plots Proposed: 33
Number of Floors Constructed: 0"
PBRERA-LDH45-PR0386,POCKET 7,"Number of Floor/Plots Currently Sanctioned: 107
Number of Floor/Plots Proposed: 107
Number of Floors Constructed: 0"
PBRERA-LDH45-PR0385,POCKET 8,"Number of Floor/Plots Currently Sanctioned: 15
Number of Floor/Plots Proposed: 15
Number of Floors Constructed: 0"
PBRERA-LDH45-PR0052,POCKET 3 PLOTS,"Number of Floor/Plots Currently Sanctioned: 208
Number of Floor/Plots Proposed: 208
Number of Floors Constructed: 0"
PBRERA-LDH45-PR0052,POCKET 3 VILLA,"Number of Floor/Plots Currently Sanctioned: 3
Number of Floor/Plots Proposed: 3
Number of Floors Constructed: 3"
PBRERA-LDH45-PR0052,POCKET 3 PLOTS,"Number of Floor/Plots Currently Sanctioned: 500
Number of Floor/Plots Proposed: 500
Number of Floors Constructed: 0"
PBRERA-LDH45-PR0041,RESIDENTIAL,"Number of Floor/Plots Currently Sanctioned: 157
Number of Floor/Plots Proposed: 157
Number of Floors Constructed: 0"
PBRERA-LDH45-PR0041,VILLAS,"Number of Floor/Plots Currently Sanctioned: 59
Number of Floor/Plots Proposed: 59
Number of Floors Constructed: 0"
PBRERA-LDH45-PR0041,EXPANDABLE,"Number of Floor/Plots Currently Sanctioned: 24
Number of Floor/Plots Proposed: 24
Number of Floors Constructed: 0"
PBRERA-LDH45-PR0020,TOWER T1,"Number of Floor/Plots Currently Sanctioned: 15
Number of Floor/Plots Proposed: 15
Number of Floors Constructed: 15"
PBRERA-LDH45-PR0020,TOWER T2,"Number of Floor/Plots Currently Sanctioned: 15
Number of Floor/Plots Proposed: 15
Number of Floors Constructed: 15"
PBRERA-LDH45-PR0020,TOWER T3,"Number of Floor/Plots Currently Sanctioned: 15
Number of Floor/Plots Proposed: 15
Number of Floors Constructed: 15"
PBRERA-LDH45-PR0020,TOWER T4,"Number of Floor/Plots Currently Sanctioned: 15
Number of Floor/Plots Proposed: 15
Number of Floors Constructed: 13"
PBRERA-LDH45-PR0020,CONVENIENT SHOPPING,"Number of Floor/Plots Currently Sanctioned: 1
Number of Floor/Plots Proposed: 1
Number of Floors Constructed: 1"
PBRERA-LDH45-PR0004,POCKET 2,"Number of Floor/Plots Currently Sanctioned: 140
Number of Floor/Plots Proposed: 140
Number of Floors Constructed: 0"
PBRERA-LDH45-PR0001,A - ASPEN1,"Number of Floor/Plots Currently Sanctioned: 13
Number of Floor/Plots Proposed: 13
Number of Floors Constructed: 13"
PBRERA-LDH45-PR0001,A2 - ASPEN2,"Number of Floor/Plots Currently Sanctioned: 13
Number of Floor/Plots Proposed: 13
Number of Floors Constructed: 13"
PBRERA-LDH45-PR0001,A1 - ASPEN3,"Number of Floor/Plots Currently Sanctioned: 13
Number of Floor/Plots Proposed: 13
Number of Floors Constructed: 13"
PBRERA-LDH45-PR0001,A - ASPEN4,"Number of Floor/Plots Currently Sanctioned: 13
Number of Floor/Plots Proposed: 13
Number of Floors Constructed: 13"
PBRERA-LDH45-PR0001,B2 - MULBERRY 1,"Number of Floor/Plots Currently Sanctioned: 13
Number of Floor/Plots Proposed: 13
Number of Floors Constructed: 13"
PBRERA-LDH45-PR0001,B1 - MULBERRY 2,"Number of Floor/Plots Currently Sanctioned: 13
Number of Floor/Plots Proposed: 13
Number of Floors Constructed: 13"
PBRERA-LDH45-PR0001,B1 - MULBERRY 3,"Number of Floor/Plots Currently Sanctioned: 13
Number of Floor/Plots Proposed: 13
Number of Floors Constructed: 13"
PBRERA-LDH45-PR0001,B1' - MULBERRY 4,"Number of Floor/Plots Currently Sanctioned: 13
Number of Floor/Plots Proposed: 13
Number of Floors Constructed: 13"
PBRERA-LDH45-PR0001,B1A - MULBERRY 5,"Number of Floor/Plots Currently Sanctioned: 13
Number of Floor/Plots Proposed: 13
Number of Floors Constructed: 13"
PBRERA-LDH45-PR0001,C1B - MAPLE 1,"Number of Floor/Plots Currently Sanctioned: 13
Number of Floor/Plots Proposed: 13
Number of Floors Constructed: 13"
PBRERA-LDH45-PR0001,C1 - MAPLE2,"Number of Floor/Plots Currently Sanctioned: 13
Number of Floor/Plots Proposed: 13
Number of Floors Constructed: 13"
PBRERA-LDH45-PR0001,C1A - MAPLE3,"Number of Floor/Plots Currently Sanctioned: 13
Number of Floor/Plots Proposed: 13
Number of Floors Constructed: 13"
PBRERA-LDH45-PR0001,C2 - MAPLE4,"Number of Floor/Plots Currently Sanctioned: 13
Number of Floor/Plots Proposed: 13
Number of Floors Constructed: 13"
PBRERA-LDH45-PR0001,D2 - HAZEL1,"Number of Floor/Plots Currently Sanctioned: 11
Number of Floor/Plots Proposed: 11
Number of Floors Constructed: 11"
PBRERA-LDH45-PR0001,D1 - HAZEL2,"Number of Floor/Plots Currently Sanctioned: 13
Number of Floor/Plots Proposed: 13
Number of Floors Constructed: 13"
PBRERA-LDH44-PR0548,RESIDENTIAL PLOTS,"Number of Floor/Plots Currently Sanctioned: 24
Number of Floor/Plots Proposed: 24
Number of Floors Constructed: 0"
PBRERA-LDH44-PR0548,INSTITUTIONAL SITES,"Number of Floor/Plots Currently Sanctioned: 2
Number of Floor/Plots Proposed: 2
Number of Floors Constructed: 0"
PBRERA-LDH44-PR0548,PLOT FOR COMMERCIAL DEVELOPMENT,"Number of Floor/Plots Currently Sanctioned: 5
Number of Floor/Plots Proposed: 5
Number of Floors Constructed: 0"
PBRERA-LDH44-PR0548,PLOT FOR GROUP HOUSING DEVELOPMENT,"Number of Floor/Plots Currently Sanctioned: 4
Number of Floor/Plots Proposed: 4
Number of Floors Constructed: 0"
PBRERA-LDH44-PR0548,PLOT FOR INDEPENDENT FLOOR DEVELOPMENT,"Number of Floor/Plots Currently Sanctioned: 1
Number of Floor/Plots Proposed: 1
Number of Floors Constructed: 0"
PBRERA-KPT40-PR0951,TOWER-I,"Number of Floor/Plots Currently Sanctioned: 20
Number of Floor/Plots Proposed: 20
Number of Floors Constructed: 0"
PBRERA-KPT40-PR0951,TOWER-J,"Number of Floor/Plots Currently Sanctioned: 20
Number of Floor/Plots Proposed: 20
Number of Floors Constructed: 0"
PBRERA-KPT40-PR0951,TOWER-K,"Number of Floor/Plots Currently Sanctioned: 20
Number of Floor/Plots Proposed: 20
Number of Floors Constructed: 0"
PBRERA-KPT40-PR0767,TOWER M-1 3BHK FLATS,"Number of Floor/Plots Currently Sanctioned: 20
Number of Floor/Plots Proposed: 20
Number of Floors Constructed: 0"
PBRERA-KPT40-PR0767,TOWER M-1 EWS FLATS,"Number of Floor/Plots Currently Sanctioned: 1
Number of Floor/Plots Proposed: 1
Number of Floors Constructed: 0"
PBRERA-KPT40-PR0767,TOWER M-2 3BHK FLATS,"Number of Floor/Plots Currently Sanctioned: 20
Number of Floor/Plots Proposed: 20
Number of Floors Constructed: 0"
PBRERA-KPT40-PR0767,TOWER M-2 EWS FLATS,"Number of Floor/Plots Currently Sanctioned: 1
Number of Floor/Plots Proposed: 1
Number of Floors Constructed: 0"
PBRERA-KPT40-PR0140,TOWER B,"Number of Floor/Plots Currently Sanctioned: 13
Number of Floor/Plots Proposed: 13
Number of Floors Constructed: 0"
PBRERA-KPT40-PR0140,TOWER C,"Number of Floor/Plots Currently Sanctioned: 13
Number of Floor/Plots Proposed: 13
Number of Floors Constructed: 0"
PBRERA-KPT40-PR0140,TOWER D,"Number of Floor/Plots Currently Sanctioned: 13
Number of Floor/Plots Proposed: 13
Number of Floors Constructed: 0"
PBRERA-KPT40-PR0140,TOWER E,"Number of Floor/Plots Currently Sanctioned: 13
Number of Floor/Plots Proposed: 13
Number of Floors Constructed: 0"
PBRERA-KPT40-PR0140,TOWER F,"Number of Floor/Plots Currently Sanctioned: 13
Number of Floor/Plots Proposed: 13
Number of Floors Constructed: 0"
PBRERA-KPT40-PR0140,TOWER G,"Number of Floor/Plots Currently Sanctioned: 13
Number of Floor/Plots Proposed: 13
Number of Floors Constructed: 0"
PBRERA-KPT40-PR0140,TOWER H,"Number of Floor/Plots Currently Sanctioned: 13
Number of Floor/Plots Proposed: 13
Number of Floors Constructed: 0"
PBRERA-KPT40-PR0140,TOWER A,"Number of Floor/Plots Currently Sanctioned: 13
Number of Floor/Plots Proposed: 13
Number of Floors Constructed: 1"
PBRERA-JAL33-PR1043,RESIDENTIAL PLOTS,"Number of Floor/Plots Currently Sanctioned: 14
Number of Floor/Plots Proposed: 86
Number of Floors Constructed: 0"
PBRERA-JAL33-PR1043,COMMERCIAL PLOTS,"Number of Floor/Plots Currently Sanctioned: 19
Number of Floor/Plots Proposed: 21
Number of Floors Constructed: 0"
PBRERA-JAL33-PR0832,TOWER-E F G H 2BHK FLATS,"Number of Floor/Plots Currently Sanctioned: 23
Number of Floor/Plots Proposed: 23
Number of Floors Constructed: 0"
PBRERA-JAL33-PR0832,TOWER-E F G H 1BHK FLATS,"Number of Floor/Plots Currently Sanctioned: 23
Number of Floor/Plots Proposed: 23
Number of Floors Constructed: 0"
PBRERA-JAL33-PR0832,TOWER-I J K L 3BHK FLATS,"Number of Floor/Plots Currently Sanctioned: 23
Number of Floor/Plots Proposed: 23
Number of Floors Constructed: 0"
PBRERA-JAL33-PR0832,TOWER-M N O P 1 BHK FLATS,"Number of Floor/Plots Currently Sanctioned: 23
Number of Floor/Plots Proposed: 23
Number of Floors Constructed: 0"
PBRERA-JAL33-PR0832,TOWER-M N O P 2BHK FLATS,"Number of Floor/Plots Currently Sanctioned: 23
Number of Floor/Plots Proposed: 23
Number of Floors Constructed: 0"
PBRERA-JAL33-PR0797,BLOCK-1 TOWER-A 3BHK,"Number of Floor/Plots Currently Sanctioned: 19
Number of Floor/Plots Proposed: 19
Number of Floors Constructed: 0"
PBRERA-JAL33-PR0797,BLOCK-1 TOWER-B 3BHK,"Number of Floor/Plots Currently Sanctioned: 19
Number of Floor/Plots Proposed: 19
Number of Floors Constructed: 0"
PBRERA-JAL33-PR0797,BLOCK-1 TOWER-C 3BHK,"Number of Floor/Plots Currently Sanctioned: 19
Number of Floor/Plots Proposed: 19
Number of Floors Constructed: 0"
PBRERA-JAL33-PR0797,BLOCK-1 TOWER-D 3BHK,"Number of Floor/Plots Currently Sanctioned: 19
Number of Floor/Plots Proposed: 19
Number of Floors Constructed: 0"
PBRERA-JAL33-PR0797,EWS TOWER,"Number of Floor/Plots Currently Sanctioned: 4
Number of Floor/Plots Proposed: 4
Number of Floors Constructed: 0"
PBRERA-JAL33-PR0779,COMMERCIAL FOR CHUNK SITES,"Number of Floor/Plots Currently Sanctioned: 2
Number of Floor/Plots Proposed: 2
Number of Floors Constructed: 0"
PBRERA-JAL33-PR0779,TOWER M-1 3BHK FLATS,"Number of Floor/Plots Currently Sanctioned: 17
Number of Floor/Plots Proposed: 17
Number of Floors Constructed: 0"
PBRERA-JAL33-PR0779,TOWER M-1 EWS FLATS,"Number of Floor/Plots Currently Sanctioned: 1
Number of Floor/Plots Proposed: 1
Number of Floors Constructed: 0"
PBRERA-JAL33-PR0779,TOWER M-2 3BHK FLATS,"Number of Floor/Plots Currently Sanctioned: 17
Number of Floor/Plots Proposed: 17
Number of Floors Constructed: 0"
PBRERA-JAL33-PR0779,TOWER M-2 EWS FLATS,"Number of Floor/Plots Currently Sanctioned: 1
Number of Floor/Plots Proposed: 1
Number of Floors Constructed: 0"
PBRERA-JAL33-PR0779,TOWER M-3 EWS FLATS,"Number of Floor/Plots Currently Sanctioned: 1
Number of Floor/Plots Proposed: 1
Number of Floors Constructed: 0"
PBRERA-JAL33-PR0779,TOWER M-3 3BHK FLATS,"Number of Floor/Plots Currently Sanctioned: 17
Number of Floor/Plots Proposed: 17
Number of Floors Constructed: 0"
PBRERA-JAL33-PR0598,RESIDENTIAL PLOTS,"Number of Floor/Plots Currently Sanctioned: 135
Number of Floor/Plots Proposed: 135
Number of Floors Constructed: 0"
PBRERA-JAL33-PR0598,SHOPS,"Number of Floor/Plots Currently Sanctioned: 52
Number of Floor/Plots Proposed: 52
Number of Floors Constructed: 0"
PBRERA-JAL33-PR0598,EWS PLOTS,"Number of Floor/Plots Currently Sanctioned: 16
Number of Floor/Plots Proposed: 16
Number of Floors Constructed: 0"
