XID,Phase,Project Name,Project Status,Video Count,Review Count,Image Count
298821,MB  Phase 1,Kalpataru Vista,Under Construction,10,8,21
1223,MB  Phase 1,Sikka The Crown of Noida,Under Construction,2,5,50
332831,MB  Phase 1,Prateek Canary,Under Construction,8,16,18
400435,MB  Phase 1,CRC Joyous,Under Construction,10,2,39
303,MB  Phase 1,Jaypee Greens Kalypso Court,Under Construction,3,11,40
123445,MB  Phase 1,ACE Parkway,Under Construction,10,26,69
375353,MB  Phase 1,SKA Orion,Under Construction,6,26,22
2,MB  Phase 1,Omaxe Twin Tower,Under Construction,0,3,37
270000,MB  Phase 1,Tata Eureka Park,Under Construction,7,27,32
409753,MB  Phase 1,Godrej Tropical Isle,Under Construction,8,27,19
425268,MB  Phase 1,Godrej Jardinia,Under Construction,1,27,4
376821,MB  Phase 1,ATS Kingston Heath,Under Construction,6,27,6
344889,MB  Phase 1,Gulshan Dynasty,Under Construction,4,7,41
378409,MB  Phase 1,Ace Starlit,Under Construction,4,5,23
290685,MB  Phase 1,Godrej Nest,Under Construction,6,20,7
382046,MB  Phase 1,ATS Pious Orchards,Under Construction,1,20,13
10130,MB  Phase 1,ATS Pristine,Under Construction,0,27,19
410631,MB  Phase 1,M3M The Cullinan,Under Construction,5,27,7
326229,MB  Phase 1,ATS Pious Hideaways,Under Construction,2,13,23
269167,MB  Phase 1,Godrej Golf Links,Under Construction,5,6,46
409011,MB  Phase 1,Fusion The Rivulet Phase 1,Under Construction,3,6,6
433611,MB  Phase 1,Renox Thrive,Under Construction,0,6,4
433855,MB  Phase 1,ACE HANEI,Under Construction,0,6,12
373839,MB  Phase 1,Civitech Strings,Under Construction,10,6,13
7894,MB  Phase 1,Capital Athena,Under Construction,5,15,27
395716,MB  Phase 1,Fusion The Brook,Under Construction,7,15,17
402728,MB  Phase 1,Sublime Spring Elmas,Under Construction,9,15,10
430219,MB  Phase 1,Eros Sampoornam 3,Under Construction,0,15,9
336331,MB  Phase 1,ATS Destinaire,Under Construction,10,15,11
270729,MB  Phase 1,ATS Rhapsody,Under Construction,9,14,16
269397,MB  Phase 1,ATS Picturesque Reprieves,Under Construction,8,7,10
379918,MB  Phase 1,Nimbus Express Park View II Low Rise,Under Construction,0,7,30
426159,MB  Phase 1,Nimbus The Palm Village,Under Construction,1,7,17
414339,MB  Phase 1,Experion Elements,Under Construction,1,7,15
403945,MB  Phase 1,Irish Platinum,Under Construction,0,7,9
7662,MB  Phase 1,Paramount Golfforeste,Under Construction,2,7,95
10412,MB  Phase 1,Purvanchal Royal City,Under Construction,7,15,24
302889,MB  Phase 1,ATS Homekraft Happy Trails,Under Construction,10,12,36
123483,MB  Phase 1,ACE Divino,Under Construction,10,24,66
12900,MB  Phase 1,Fusion Homes,Under Construction,5,18,45
10356,MB  Phase 1,Oasis Grandstand,Under Construction,0,9,19
10412,MB  Phase 1,Purvanchal Royal City,Under Construction,7,15,24
333811,MB  Phase 1,ATS Nobility,Under Construction,5,15,11
425033,MB  Phase 1,Ace Terra,Under Construction,1,15,15
430588,MB  Phase 1,CRC Maesta,Under Construction,1,15,16
327273,MB  Phase 1,County 107,Under Construction,6,12,21
400436,MB  Phase 1,Ivory County,Under Construction,4,12,11
7662,MB  Phase 1,Paramount Golfforeste,Under Construction,2,12,95
123483,MB  Phase 1,ACE Divino,Under Construction,10,24,66
425712,MB  Phase 1,SKA Destiny One,Under Construction,2,24,17
373410,MB  Phase 1,Apex Alphabet,Under Construction,8,24,18
373829,MB  Phase 1,Greenbay Golf Village,Under Construction,0,3,14
4462,MB  Phase 1,ABA Cherry County,Under Construction,0,11,40
6356,MB  Phase 1,Keltech Kumar Imperial Greens,Under Construction,1,11,8
373245,MB  Phase 1,Express Astra,Under Construction,10,11,24
401978,MB  Phase 1,Twin Celestial,Under Construction,0,11,17
43270,MB  Phase 1,Skyline Speedway Avenue,Under Construction,0,2,19
298653,MB  Phase 1,CRC Sublimis,Under Construction,10,14,32
255783,MB  Phase 1,Shri Radha Aqua Gardens,Under Construction,2,4,46
1030,MB  Phase 1,M3M Golf Estate,Under Construction,0,50,43
1350,MB  Phase 1,Puri Diplomatic Greens,Under Construction,3,8,42
2718,MB  Phase 1,DLF Regal Gardens,Under Construction,2,21,32
5456,MB  Phase 1,Puri Emerald Bay,Under Construction,7,19,52
6136,MB  Phase 1,DLF Skycourt,Under Construction,3,25,37
25860,MB  Phase 1,ATS Triumph,Under Construction,5,10,39
26134,MB  Phase 1,BPTP Amstoria,Under Construction,4,9,71
136575,MB  Phase 1,Ashiana Anmol,Under Construction,2,9,8
146207,MB  Phase 1,Saan Verdante,Under Construction,6,9,51
269936,MB  Phase 1,Central Park Aqua Front Towers,Under Construction,1,9,21
318679,MB  Phase 1,Hero Homes,Under Construction,9,19,38
333369,MB  Phase 1,Emaar Digi Homes,Under Construction,9,33,22
378131,MB  Phase 1,M3M Soulitude,Under Construction,8,33,18
378934,MB  Phase 1,Signature Global City 37D,Under Construction,10,33,41
390137,MB  Phase 1,Tulip Monsella,Under Construction,10,33,47
391580,MB  Phase 1,DLF The Grove,Under Construction,2,33,17
399000,MB  Phase 1,ATS Bonheur Avenue,Under Construction,2,33,5
403842,MB  Phase 1,Adani Samsara Avasa,Under Construction,3,33,10
404068,MB  Phase 1,M3M Crown Phase 1,Under Construction,6,33,19
404456,MB  Phase 1,Signature Global City 93,Under Construction,10,33,31
404772,MB  Phase 1,Central Park The Orchard,Under Construction,2,33,5
405181,MB  Phase 1,M3M Golf Hills Phase 1,Under Construction,9,33,8
405529,MB  Phase 1,Navraj The Antalyas,Under Construction,7,33,28
419936,MB  Phase 1,Godrej Aristocrat,Under Construction,6,33,25
422426,MB  Phase 1,GODREJ ZENITH,Under Construction,1,33,22
422937,MB  Phase 1,Krisumi Waterside Residences,Under Construction,3,1,13
423388,MB  Phase 1,Puri Diplomatic Residences,Under Construction,0,1,19
423473,MB  Phase 1,Anant The Estate Residences,Under Construction,1,1,8
424568,MB  Phase 1,JMS Premier Floors,Under Construction,1,1,12
426520,MB  Phase 1,PARQ,Under Construction,0,1,5
427056,MB  Phase 1,M3M Altitude,Under Construction,0,1,8
427191,MB  Phase 1,Ganga Anantam,Under Construction,0,1,5
427906,MB  Phase 1,Sobha Altus,Under Construction,1,1,22
428412,MB  Phase 1,Signatureglobal Titanium SPR,Under Construction,1,1,13
430191,MB  Phase 1,Adani Lushlands,Under Construction,1,1,16
432550,MB  Phase 1,TARC Ishva,Under Construction,1,1,10
433317,MB  Phase 1,Estate 360,Under Construction,0,1,30
2,MB  Phase 1,Omaxe Twin Tower,Under Construction,0,3,37
87,MB  Phase 1,ATS Advantage Phase 2,Under Construction,0,3,26
303,MB  Phase 1,Jaypee Greens Kalypso Court,Under Construction,3,11,40
352,MB  Phase 1,BPTP Parkland,Under Construction,0,3,4
1027,MB  Phase 1,Mantri Serenity,Under Construction,5,18,53
1223,MB  Phase 1,Sikka The Crown of Noida,Under Construction,2,5,50
1498,MB  Phase 1,Modi Emerald Heights,Under Construction,2,6,30
1852,MB  Phase 1,Sattva Luxuria,Under Construction,3,4,24
4872,MB  Phase 1,Pace Anusa,Under Construction,0,1,4
5144,MB  Phase 1,Bhartiya Nikoo Homes VI Phase 1,Under Construction,1,1,6
6936,MB  Phase 1,Sheth Vasant Lawns,Under Construction,3,6,25
7662,MB  Phase 1,Paramount Golfforeste,Under Construction,2,6,95
7894,MB  Phase 1,Capital Athena,Under Construction,5,15,27
8130,MB  Phase 1,Paradise Sai Miracle,Under Construction,0,6,2
8408,MB  Phase 1,Provident Sunworth,Under Construction,2,16,19
10130,MB  Phase 1,ATS Pristine,Under Construction,0,27,19
10356,MB  Phase 1,Oasis Grandstand,Under Construction,0,9,19
10412,MB  Phase 1,Purvanchal Royal City,Under Construction,7,15,24
11112,MB  Phase 1,Shriram Sameeksha,Under Construction,0,4,27
16778,MB  Phase 1,HM Indigo,Under Construction,1,4,8
23442,MB  Phase 1,SNN Raj Viviente,Under Construction,4,4,31
24198,MB  Phase 1,Total Environment Pursuit of a Radical Rhapsody,Under Construction,8,11,41
25082,MB  Phase 1,Runwal Eirene,Under Construction,10,15,65
30998,MB  Phase 1,Golden Gate The Presidential Tower,Under Construction,4,19,38
33782,MB  Phase 1,Sattva Magnificia,Under Construction,3,7,31
40476,MB  Phase 1,Godrej Platinum,Under Construction,9,14,47
49816,MB  Phase 1,Sikka Kaamya Greens,Under Construction,2,3,12
50184,MB  Phase 1,Pacifica San Lucas,Under Construction,0,3,12
55744,MB  Phase 1,Fortuna Acacia,Under Construction,0,3,24
58272,MB  Phase 1,Omaxe The Lake,Under Construction,1,8,6
59796,MB  Phase 1,Chandak 34 Park Estate,Under Construction,0,8,22
61839,MB  Phase 1,Mahidhara Fortune City,Under Construction,1,2,34
62053,MB  Phase 1,Mounthill Essence,Under Construction,1,1,22
65394,MB  Phase 1,Modi Lotus Homes,Under Construction,1,5,21
65774,MB  Phase 1,Modi Edifice,Under Construction,1,2,11
67272,MB  Phase 1,Modi Elegance,Under Construction,3,6,28
69896,MB  Phase 1,Madhu Park Ville,Under Construction,2,6,6
75215,MB  Phase 1,Anantha Vayun Meadows Block C,Under Construction,0,6,44
115417,MB  Phase 1,Modi Paradise Homes,Under Construction,2,2,11
125349,MB  Phase 1,Modi Golden County,Under Construction,1,3,12
141819,MB  Phase 1,Thumbprint,Under Construction,0,3,5
168649,MB  Phase 1,F5 Felicia,Under Construction,0,3,9
180623,MB  Phase 1,Muirwoods,Under Construction,0,1,8
197671,MB  Phase 1,Keerthi Krishna Viva,Under Construction,0,3,6
205909,MB  Phase 1,Nandanvan Homes,Under Construction,0,2,27
210905,MB  Phase 1,Salarpuria Sattva Northland,Under Construction,0,4,15
240490,MB  Phase 1,Risington Phase 2,Under Construction,1,4,18
257873,MB  Phase 1,Trimurtys Arabella,Under Construction,1,4,31
260686,MB  Phase 1,Brigade Laguna,Under Construction,0,4,24
262668,MB  Phase 1,Sipani Royal Heritage,Under Construction,4,10,35
265191,MB  Phase 1,Greenfield Crown City,Under Construction,0,10,52
267047,MB  Phase 1,Runwal Nirvana,Under Construction,3,4,32
267635,MB  Phase 1,Godrej Emerald,Under Construction,10,13,40
268137,MB  Phase 1,Runwal Timeless,Under Construction,1,13,7
269167,MB  Phase 1,Godrej Golf Links,Under Construction,5,6,46
269397,MB  Phase 1,ATS Picturesque Reprieves,Under Construction,8,7,10
269844,MB  Phase 1,Anukampa Sky Lounges,Under Construction,1,2,51
270000,MB  Phase 1,Tata Eureka Park,Under Construction,7,27,32
270729,MB  Phase 1,ATS Rhapsody,Under Construction,9,14,16
272201,MB  Phase 1,Sattva Opus,Under Construction,5,7,38
273851,MB  Phase 1,Shantiniketan Vega,Under Construction,0,2,11
273879,MB  Phase 1,Arihant Abode,Under Construction,10,8,54
274711,MB  Phase 1,Renaissance Reserva,Under Construction,3,8,41
275013,MB  Phase 1,PC Amansara,Under Construction,0,8,0
278033,MB  Phase 1,Puraniks Grand Central,Under Construction,3,7,37
282227,MB  Phase 1,Hubtown 25 South,Under Construction,2,7,7
290685,MB  Phase 1,Godrej Nest,Under Construction,6,20,7
292929,MB  Phase 1,Tridhaatu Morya,Under Construction,2,12,15
293745,MB  Phase 1,Sona Vistaas,Under Construction,4,12,23
293775,MB  Phase 1,SB Skanda Lake Front,Under Construction,4,12,23
295673,MB  Phase 1,88 East,Under Construction,6,7,15
296293,MB  Phase 1,Provident Park Square,Under Construction,10,13,24
297055,MB  Phase 1,Godrej Nature Plus,Under Construction,9,20,24
298821,MB  Phase 1,Kalpataru Vista,Under Construction,10,8,21
299863,MB  Phase 1,Sattva Misty Charm,Under Construction,9,10,21
302349,MB  Phase 1,SB Temple Tree,Under Construction,1,10,36
302889,MB  Phase 1,ATS Homekraft Happy Trails,Under Construction,10,12,36
303401,MB  Phase 1,PS Jiva Homes,Under Construction,3,12,45
303427,MB  Phase 1,Vijaya Aquagreen,Under Construction,0,12,13
305417,MB  Phase 1,Amrutha Platinum Towers,Under Construction,0,12,9
305723,MB  Phase 1,VTP Hilife,Under Construction,5,9,31
306189,MB  Phase 1,Rohan Upavan,Under Construction,6,12,44
306221,MB  Phase 1,JRC Palladio,Under Construction,1,4,42
306817,MB  Phase 1,Concorde Hill Crest,Under Construction,1,5,13
311999,MB  Phase 1,Peace Paramount,Under Construction,0,5,21
317381,MB  Phase 1,Trendsquares Ortus,Under Construction,0,4,16
319475,MB  Phase 1,Adani Atelier Greens,Under Construction,6,7,42
321459,MB  Phase 1,Salarpuria Sattva Serene Life,Under Construction,1,7,24
324247,MB  Phase 1,Puravankara Purva Zenium,Under Construction,8,13,42
324633,MB  Phase 1,Purva Atmosphere,Under Construction,0,16,60
326229,MB  Phase 1,ATS Pious Hideaways,Under Construction,2,13,23
326693,MB  Phase 1,Gagan Klara,Under Construction,0,9,36
327273,MB  Phase 1,County 107,Under Construction,6,12,21
328903,MB  Phase 1,L&T Seawoods Residences,Under Construction,10,7,17
331815,MB  Phase 1,One Akshar,Under Construction,1,4,20
332507,MB  Phase 1,Godrej 24,Under Construction,3,18,33
332831,MB  Phase 1,Prateek Canary,Under Construction,8,16,18
332999,MB  Phase 1,Mega Sarovar,Under Construction,0,16,1
333811,MB  Phase 1,ATS Nobility,Under Construction,5,15,11
333823,MB  Phase 1,Tulip Infinity World,Under Construction,0,5,38
334009,MB  Phase 1,Modi Lake View,Under Construction,0,4,7
334013,MB  Phase 1,Modi Sterling Heights,Under Construction,0,2,16
334919,MB  Phase 1,GP Aditya,Under Construction,1,2,15
336331,MB  Phase 1,ATS Destinaire,Under Construction,10,15,11
337519,MB  Phase 1,Risland The Ace,Under Construction,0,5,35
337581,MB  Phase 1,Praneeth Pranav Town Square,Under Construction,2,5,32
339289,MB  Phase 1,Godrej Nirvaan,Under Construction,6,4,8
342591,MB  Phase 1,JCSV Pride,Under Construction,2,4,12
343921,MB  Phase 1,Pranava One Hyderabad,Under Construction,1,1,15
344037,MB  Phase 1,Vivanta Vantage Twenty One,Under Construction,0,1,27
344375,MB  Phase 1,Damji Shamji Mahavir Spring,Under Construction,5,1,24
344889,MB  Phase 1,Gulshan Dynasty,Under Construction,4,7,41
345245,MB  Phase 1,Alcove New Kolkata Sangam,Under Construction,1,7,33
347175,MB  Phase 1,Sri Krishna Vilas By Shreemaa Infrarealty Pvt. Ltd.,Under Construction,2,7,29
348287,MB  Phase 1,Kalpataru Vienta,Under Construction,1,10,14
351117,MB  Phase 1,ANP Atlantis,Under Construction,4,10,53
351351,MB  Phase 1,Baashyaam Le Chalet Smart Choice Homes,Under Construction,0,10,5
351831,MB  Phase 1,Lakshmi Cadillac,Under Construction,0,10,25
351977,MB  Phase 1,Pride Park Astra,Under Construction,4,10,35
352115,MB  Phase 1,Godrej Exquisite,Under Construction,10,9,5
353221,MB  Phase 1,Ganga Altus,Under Construction,4,3,24
353830,MB  Phase 1,Supreme Estia,Under Construction,0,3,55
353930,MB  Phase 1,Lodha Bellavista Wing B2,Under Construction,0,3,4
354160,MB  Phase 1,Mantra Monarch,Under Construction,4,3,47
354428,MB  Phase 1,Pragjyotish Piya Hill View,Under Construction,1,3,19
355218,MB  Phase 1,Viceroy SAVANA,Under Construction,0,22,51
355530,MB  Phase 1,Runwal The Central Park,Under Construction,4,22,18
366854,MB  Phase 1,Arvind Bel Air,Under Construction,3,22,31
367139,MB  Phase 1,Hallmark Sunnyside,Under Construction,2,22,47
368900,MB  Phase 1,Prestige Waterford,Under Construction,5,4,39
369336,MB  Phase 1,Om Sree Brilliance,Under Construction,0,4,39
369372,MB  Phase 1,Om Sree Heights,Under Construction,1,4,21
369448,MB  Phase 1,Abhigna Misty Woods,Under Construction,3,4,73
369997,MB  Phase 1,Casagrand First City,Under Construction,2,4,6
370278,MB  Phase 1,Namishree BPS Twin Towers,Under Construction,0,4,20
370562,MB  Phase 1,T&T Eutopia,Under Construction,5,3,27
371039,MB  Phase 1,Bhagwati Greens 2,Under Construction,1,3,62
371185,MB  Phase 1,Divine Palm Springs,Under Construction,0,3,7
371290,MB  Phase 1,Godrej Green Cove,Under Construction,5,3,44
371291,MB  Phase 1,Rahul Aston,Under Construction,2,3,23
371344,MB  Phase 1,BSCPL Bollineni ZION,Under Construction,3,3,20
371964,MB  Phase 1,Nyati Exuberance I,Under Construction,3,3,12
372021,MB  Phase 1,Millennium Pacific,Under Construction,0,3,20
372203,MB  Phase 1,Speed Sanarelli,Under Construction,1,3,58
372334,MB  Phase 1,Arizuma Southern Vista,Under Construction,7,3,19
373727,MB  Phase 1,Ganga Asmi,Under Construction,4,16,7
373839,MB  Phase 1,Civitech Strings,Under Construction,10,16,13
374132,MB  Phase 1,Cybercity Westbrook,Under Construction,2,16,53
374315,MB  Phase 1,Shalimar One World Valencia County,Under Construction,0,16,0
374375,MB  Phase 1,Sheth 72 West,Under Construction,0,16,19
374899,MB  Phase 1,Trident Embassy Reso,Under Construction,10,16,19
374970,MB  Phase 1,DSR Elixir,Under Construction,1,16,43
374996,MB  Phase 1,Vertex Kingston Park,Under Construction,2,16,41
375353,MB  Phase 1,SKA Orion,Under Construction,6,16,22
375399,MB  Phase 1,Ira Miracle,Under Construction,0,16,19
375577,MB  Phase 1,IRA Aspirations,Under Construction,3,16,36
375851,MB  Phase 1,Triaxis Splendour,Under Construction,1,16,9
375852,MB  Phase 1,DS MAX SkyShubham,Under Construction,0,16,9
375918,MB  Phase 1,Aparna Sarovar Zicon,Under Construction,0,16,22
376104,MB  Phase 1,Modi Serene Park,Under Construction,0,1,6
376145,MB  Phase 1,The Poem by Shriram Properties,Under Construction,1,1,9
376373,MB  Phase 1,Vertex Viraat,Under Construction,3,1,12
376632,MB  Phase 1,Harnarain Aeropolis,Under Construction,0,1,8
376683,MB  Phase 1,Solaris Plus,Under Construction,1,1,9
376821,MB  Phase 1,ATS Kingston Heath,Under Construction,6,1,6
377050,MB  Phase 1,Benchmark Aspire,Under Construction,0,1,6
377188,MB  Phase 1,Apex Celest,Under Construction,0,9,55
377702,MB  Phase 1,Sobha Manhattan Towers Town Park,Under Construction,6,9,20
377935,MB  Phase 1,V3 Kalasagar Skies,Under Construction,1,9,32
378115,MB  Phase 1,Hallmark Skyrena,Under Construction,3,9,63
378409,MB  Phase 1,Ace Starlit,Under Construction,4,5,23
378411,MB  Phase 1,Eon Akash B and C,Under Construction,0,5,19
378617,MB  Phase 1,Suchirindia The Tales of Greek,Under Construction,1,5,13
378890,MB  Phase 1,Greenfield Diamond Avenue,Under Construction,0,5,43
378931,MB  Phase 1,L & T Veridian at Emerald Isle,Under Construction,1,5,28
379234,MB  Phase 1,Sri Vathsas Sterling Abode,Under Construction,0,5,9
379240,MB  Phase 1,Provident Sunworth,Under Construction,2,16,19
379347,MB  Phase 1,ARV Uthville,Under Construction,4,16,12
379399,MB  Phase 1,Sattva Ashraya,Under Construction,2,3,2
379586,MB  Phase 1,Excellaa Tremont,Under Construction,0,3,18
379597,MB  Phase 1,Agarwal Floresta Maple,Under Construction,1,3,16
379727,MB  Phase 1,Gothic Pentagon Clouds,Under Construction,1,3,15
379760,MB  Phase 1,Hallmark Treasor,Under Construction,5,3,61
379918,MB  Phase 1,Nimbus Express Park View II Low Rise,Under Construction,0,3,30
379927,MB  Phase 1,Rising Sun Midtown Bay,Under Construction,2,3,10
380395,MB  Phase 1,Vision Aristo,Under Construction,2,3,59
380808,MB  Phase 1,Swati Senor,Under Construction,1,3,21
380922,MB  Phase 1,Shanta Silpas Kalpavriksha,Under Construction,1,3,20
381481,MB  Phase 1,Platinum 53 West,Under Construction,0,3,12
381615,MB  Phase 1,Kunal The Canary,Under Construction,0,15,37
381755,MB  Phase 1,GK Aarcon,Under Construction,3,15,40
381799,MB  Phase 1,DRA D Elite,Under Construction,1,15,7
382046,MB  Phase 1,ATS Pious Orchards,Under Construction,1,15,13
382172,MB  Phase 1,Sukhwani Kingsley,Under Construction,6,15,13
382236,MB  Phase 1,Merlin Rise Sports Republic Phase 1 A,Under Construction,10,15,16
382262,MB  Phase 1,Vitalis,Under Construction,0,15,6
382710,MB  Phase 1,VTP Skylights Verve,Under Construction,3,4,10
382816,MB  Phase 1,Botanica,Under Construction,2,4,44
382996,MB  Phase 1,Metro Regents Park,Under Construction,3,4,6
383398,MB  Phase 1,Praneeth KKRs Pranav Jaitra,Under Construction,0,4,8
383662,MB  Phase 1,Primarks Eco Nest,Under Construction,3,4,14
383708,MB  Phase 1,Aparna Zenon,Under Construction,6,4,35
383882,MB  Phase 1,Rustomjee Uptown Urbania,Under Construction,2,4,44
383939,MB  Phase 1,Concorde Opus II,Under Construction,0,4,0
383945,MB  Phase 1,Eden Willow Estate,Under Construction,0,4,16
384098,MB  Phase 1,Roseate Homes,Under Construction,0,4,13
384290,MB  Phase 1,Godrej Park Retreat,Under Construction,10,4,27
384755,MB  Phase 1,Jhamtani Ace Abode,Under Construction,2,4,13
384964,MB  Phase 1,Sheth Vasant Blossom,Under Construction,1,4,43
385000,MB  Phase 1,Assetz Marq 3.0,Under Construction,1,4,17
385178,MB  Phase 1,Nambiar Millennia,Under Construction,4,4,8
385349,MB  Phase 1,Meridian Park at The Prestige City,Under Construction,7,4,20
385408,MB  Phase 1,Nyati Era,Under Construction,5,4,18
386131,MB  Phase 1,Venkatesh Erandwane Central,Under Construction,6,4,41
386719,MB  Phase 1,DLH Legacy,Under Construction,0,4,5
386756,MB  Phase 1,Mantra Mirari,Under Construction,4,4,20
386817,MB  Phase 1,Shevi Utopia Gold,Under Construction,1,4,9
386987,MB  Phase 1,DS MAX Sukruth,Under Construction,1,2,14
386991,MB  Phase 1,Sentient Heavie Eden,Under Construction,0,2,29
386994,MB  Phase 1,Sumadhura Aspire Amber,Under Construction,1,2,7
386997,MB  Phase 1,Land Capital Calista,Under Construction,1,2,25
387255,MB  Phase 1,L&T Elixir Reserve,Under Construction,3,2,9
387280,MB  Phase 1,JOY by Shrinivas Organisors,Under Construction,0,2,9
387488,MB  Phase 1,Radhey Raaga,Under Construction,1,2,24
387813,MB  Phase 1,Lodha Bellagio,Under Construction,1,2,7
388006,MB  Phase 1,Paradise Sai Sun City,Under Construction,10,2,14
388125,MB  Phase 1,Safal Riviera Aspire,Under Construction,2,2,15
388179,MB  Phase 1,VTP Bellissimo,Under Construction,0,2,6
388209,MB  Phase 1,Sharanya Altura,Under Construction,5,2,45
388275,MB  Phase 1,Aishwaryam Insignia,Under Construction,3,2,18
388670,MB  Phase 1,Kalyan Skyway 9,Under Construction,0,2,24
389184,MB  Phase 1,Arista Eminence 96,Under Construction,0,2,52
389216,MB  Phase 1,Sureka Sunrise Aura,Under Construction,7,2,14
389272,MB  Phase 1,Casagrand Aquene,Under Construction,4,1,6
389421,MB  Phase 1,Landcare Pride Panorama,Under Construction,4,1,10
390295,MB  Phase 1,Shubhyuvi Paradigm Anantaara,Under Construction,2,1,1
390851,MB  Phase 1,Raghav Paradise,Under Construction,0,1,4
391272,MB  Phase 1,Sukra Majesticka Grande,Under Construction,0,1,6
391738,MB  Phase 1,Sattva Aeropolis,Under Construction,2,1,19
391740,MB  Phase 1,Sattva Aqua Vista,Under Construction,4,1,31
391947,MB  Phase 1,Ananyas AA Garden,Under Construction,0,1,18
391991,MB  Phase 1,Theme Imperial,Under Construction,0,1,34
392369,MB  Phase 1,DSR Highland Greenz,Under Construction,3,1,26
393021,MB  Phase 1,Gemini Aster,Under Construction,0,1,31
393052,MB  Phase 1,Skymarq By DSR,Under Construction,1,1,19
393562,MB  Phase 1,Polaris Casarica,Under Construction,1,1,12
393708,MB  Phase 1,Gaurs The Islands,Under Construction,3,1,12
393900,MB  Phase 1,Eka Elitas,Under Construction,0,1,11
394019,MB  Phase 1,Mohan Precious Greens,Under Construction,5,1,2
394292,MB  Phase 1,Ratna Prabha Apartments,Under Construction,0,1,0
394631,MB  Phase 1,Altezza,Under Construction,0,1,35
394748,MB  Phase 1,Adish Aradhra,Under Construction,0,1,14
394877,MB  Phase 1,Goyal My Homes Wakad,Under Construction,3,1,10
394878,MB  Phase 1,Aaiji Crystal,Under Construction,2,3,5
394931,MB  Phase 1,Raj High Gardens,Under Construction,2,3,18
395174,MB  Phase 1,Promax Dreamville Home,Under Construction,0,3,0
395251,MB  Phase 1,Vishwanath Sarathya West,Under Construction,2,3,8
395412,MB  Phase 1,Ashiana Malhar,Under Construction,5,3,27
395606,MB  Phase 1,Maple Sky Residences At Navins Starwood Towers,Under Construction,0,3,32
395609,MB  Phase 1,Ambuja Urvisha The Condoville,Under Construction,0,3,27
395716,MB  Phase 1,Fusion The Brook,Under Construction,7,3,17
395806,MB  Phase 1,DAC Prathyangira,Under Construction,1,3,20
396053,MB  Phase 1,Vivaan Ixora,Under Construction,0,3,17
396174,MB  Phase 1,Dharti Skyline,Under Construction,1,3,17
396695,MB  Phase 1,JRC Wild Woods,Under Construction,2,3,27
396698,MB  Phase 1,Mars The Planet,Under Construction,0,3,5
396796,MB  Phase 1,Pristine iLife Mundhwa,Under Construction,2,2,15
396799,MB  Phase 1,Keya Around The Life,Under Construction,5,2,21
396805,MB  Phase 1,Prestige Glenbrook,Under Construction,5,2,21
396925,MB  Phase 1,Majestique The Ornate,Under Construction,0,2,12
396980,MB  Phase 1,Atri Rays,Under Construction,4,2,20
397113,MB  Phase 1,Honeybird Sanctorum,Under Construction,2,2,19
397582,MB  Phase 1,Om Sree Gallaxy,Under Construction,0,2,30
397709,MB  Phase 1,Godrej Woodsville,Under Construction,10,2,25
397833,MB  Phase 1,Brigade Horizon,Under Construction,5,2,12
397983,MB  Phase 1,Pavani Mirabilia,Under Construction,3,3,35
398191,MB  Phase 1,Godrej Green Estate,Under Construction,3,3,16
398215,MB  Phase 1,EIPL CORNERSTONE,Under Construction,2,3,56
398444,MB  Phase 1,Radiance Flourish,Under Construction,2,3,37
398586,MB  Phase 1,Ceratec Presidential Towers,Under Construction,1,3,12
398743,MB  Phase 1,Nahar Grandeur,Under Construction,0,3,14
398757,MB  Phase 1,Trendsquares Ortus III,Under Construction,0,3,52
398803,MB  Phase 1,Swati Symphony,Under Construction,1,3,21
399073,MB  Phase 1,SBR Minara,Under Construction,3,3,3
399106,MB  Phase 1,Arihant One,Under Construction,9,3,12
399112,MB  Phase 1,Radiance Majestic,Under Construction,1,3,9
399334,MB  Phase 1,Chheda Avighna,Under Construction,0,3,16
399575,MB  Phase 1,DGS Sheetal Mayra,Under Construction,0,3,1
399608,MB  Phase 1,DAC Manapark,Under Construction,1,3,14
399694,MB  Phase 1,Vinayak Atlantis,Under Construction,2,3,43
399826,MB  Phase 1,Samanvay The Amelias,Under Construction,0,3,6
399887,MB  Phase 1,Ambrosia,Under Construction,0,3,10
400347,MB  Phase 1,Saradeuz Olympus,Under Construction,0,3,6
400423,MB  Phase 1,PS Vaanya,Under Construction,5,3,11
400435,MB  Phase 1,CRC Joyous,Under Construction,10,2,39
400436,MB  Phase 1,Ivory County,Under Construction,4,2,11
400481,MB  Phase 1,DAC Medallion,Under Construction,1,2,5
400534,MB  Phase 1,Amolik Aster Woods,Under Construction,0,2,4
400934,MB  Phase 1,Visions Arsha,Under Construction,2,2,9
401138,MB  Phase 1,Roswalt Zaiden,Under Construction,4,2,21
401530,MB  Phase 1,SNN Raj Bay Vista,Under Construction,1,2,35
401542,MB  Phase 1,Casagrand Aria,Under Construction,1,2,34
401645,MB  Phase 1,Riviera Majestica,Under Construction,1,2,34
401648,MB  Phase 1,Keya Spring,Under Construction,1,2,6
401796,MB  Phase 1,Bramhacorp August Towers,Under Construction,0,2,6
401902,MB  Phase 1,Bhagwati Elysia,Under Construction,0,2,2
402370,MB  Phase 1,Vasavi Crown East,Under Construction,2,2,25
402421,MB  Phase 1,Mahidhara Harmony,Under Construction,1,2,11
402429,MB  Phase 1,Mathapathi Grand Field,Under Construction,1,2,24
402612,MB  Phase 1,Shoolin Kopren Park View,Under Construction,0,2,5
402728,MB  Phase 1,Sublime Spring Elmas,Under Construction,9,2,10
402881,MB  Phase 1,SNR Safa,Under Construction,1,2,20
402904,MB  Phase 1,Godrej Athena,Under Construction,9,2,4
402982,MB  Phase 1,Nemi Landmarks Ikebana,Under Construction,0,2,6
402990,MB  Phase 1,Shriram Pristine Estates,Under Construction,3,2,7
403083,MB  Phase 1,Prestige Elm Park,Under Construction,2,2,12
403086,MB  Phase 1,Sattva Bliss,Under Construction,2,2,20
403366,MB  Phase 1,DS MAX Samyak,Under Construction,0,2,6
403416,MB  Phase 1,Casagrand Primrose,Under Construction,3,2,27
403482,MB  Phase 1,Kolte Patil Life Republic Aros,Under Construction,2,2,32
403616,MB  Phase 1,DS MAX Shresta,Under Construction,0,2,5
403699,MB  Phase 1,Godrej Five Gardens,Under Construction,5,2,8
403847,MB  Phase 1,Adore Smart City,Under Construction,0,2,3
403945,MB  Phase 1,Irish Platinum,Under Construction,0,2,9
404559,MB  Phase 1,Casagrand Majestica,Under Construction,4,2,20
404560,MB  Phase 1,Casagrand Elysium,Under Construction,2,2,12
404561,MB  Phase 1,Etha Su Casa Valley,Under Construction,1,2,15
404615,MB  Phase 1,Russel Lions Gate,Under Construction,0,2,7
404653,MB  Phase 1,Yuva Sunrise,Under Construction,0,2,40
404764,MB  Phase 1,Vivaan Essence,Under Construction,0,2,15
404811,MB  Phase 1,APR Praveens Eterno,Under Construction,0,2,14
404929,MB  Phase 1,Chandak Treesourus,Under Construction,2,2,13
405003,MB  Phase 1,Cloudswood Radhey Skye,Under Construction,5,2,19
405130,MB  Phase 1,Pranathi Kiara,Under Construction,0,2,19
405131,MB  Phase 1,Lodha Panache,Under Construction,6,2,9
405172,MB  Phase 1,Jains Fairmount Sri Ram Garden 2,Under Construction,0,2,19
405318,MB  Phase 1,Prestige Lavender Fields,Under Construction,7,2,13
405502,MB  Phase 1,VVIP Namah,Under Construction,2,2,16
405663,MB  Phase 1,Satyam Altura,Under Construction,0,2,5
405789,MB  Phase 1,Pacific One Pyramid,Under Construction,0,2,2
405940,MB  Phase 1,Shlok Abhilasha,Under Construction,0,2,2
406108,MB  Phase 1,Lodha Aura,Under Construction,0,2,6
406621,MB  Phase 1,Casagrand Zaiden,Under Construction,2,2,15
406639,MB  Phase 1,The Vega Plus 4,Under Construction,0,2,2
406866,MB  Phase 1,Dugar Estate,Under Construction,0,1,23
406892,MB  Phase 1,Nirala Trio,Under Construction,1,1,2
406898,MB  Phase 1,Atithi Highline,Under Construction,1,1,5
407065,MB  Phase 1,Casagrand Aspires,Under Construction,3,1,22
407338,MB  Phase 1,Levonor Egeira,Under Construction,3,1,21
407744,MB  Phase 1,Purva Bluebelle,Under Construction,4,1,9
407935,MB  Phase 1,Sowparnika Life On The Green,Under Construction,3,1,18
407956,MB  Phase 1,Techno Aakasa,Under Construction,0,1,1
408305,MB  Phase 1,Ram India Address One,Under Construction,0,1,13
408676,MB  Phase 1,Vivaan Oliver,Under Construction,1,1,17
409008,MB  Phase 1,Sobha Neopolis,Under Construction,10,1,36
409011,MB  Phase 1,Fusion The Rivulet Phase 1,Under Construction,3,1,6
409166,MB  Phase 1,Dream Elegance,Under Construction,1,1,17
409476,MB  Phase 1,Casagrand Hanford,Under Construction,1,1,12
409515,MB  Phase 1,Sameera Iris,Under Construction,1,1,9
409549,MB  Phase 1,Protech Pride,Under Construction,0,1,5
409651,MB  Phase 1,ORO Constella,Under Construction,3,1,9
409753,MB  Phase 1,Godrej Tropical Isle,Under Construction,8,1,19
409859,MB  Phase 1,Nest Art,Under Construction,0,1,12
409873,MB  Phase 1,Radiance Regalia,Under Construction,0,1,10
410064,MB  Phase 1,Vivaan Aura,Under Construction,1,1,13
410244,MB  Phase 1,Sapthagiri Sandalwoods,Under Construction,0,1,27
410304,MB  Phase 1,Super Shaligram,Under Construction,1,1,13
410443,MB  Phase 1,Kavisha AER,Under Construction,0,1,6
410449,MB  Phase 1,Prestige Park Grove,Under Construction,10,1,15
410494,MB  Phase 1,Esteem South Park,Under Construction,0,1,11
410501,MB  Phase 1,GP Homes Valencia Ruby,Under Construction,0,1,4
410569,MB  Phase 1,Gracewood Elegance,Under Construction,0,1,9
410631,MB  Phase 1,M3M The Cullinan,Under Construction,5,1,7
410658,MB  Phase 1,Sacred Shivansh,Under Construction,0,1,6
410741,MB  Phase 1,Sattva Lake Ridge,Under Construction,2,1,28
411449,MB  Phase 1,ATCO LA VIVANT,Under Construction,6,1,25
411514,MB  Phase 1,Bachraj Legend Wing ABC,Under Construction,0,1,5
411643,MB  Phase 1,Vivaan Solitaire,Under Construction,0,1,11
411745,MB  Phase 1,Anuhar Gautami Heights,Under Construction,1,1,6
411844,MB  Phase 1,Unique Luxuria,Under Construction,1,1,18
411905,MB  Phase 1,Polaris Calice,Under Construction,0,1,13
411947,MB  Phase 1,Kamaxi Avenue,Under Construction,0,1,15
412358,MB  Phase 1,Kohinoor Famville,Under Construction,5,1,13
412360,MB  Phase 1,ANP Autograph,Under Construction,2,1,34
412508,MB  Phase 1,Swati Premier,Under Construction,0,1,15
412517,MB  Phase 1,Vivaan Orbit,Under Construction,0,1,18
412546,MB  Phase 1,DLF Privana South,Under Construction,0,1,3
412548,MB  Phase 1,Ruby Horizon,Under Construction,2,1,18
413358,MB  Phase 1,Urbanrise The World of Joy Miyapur,Under Construction,6,1,23
413380,MB  Phase 1,Birla Trimaya,Under Construction,6,1,5
413381,MB  Phase 1,DNR Parklink Phase 1,Under Construction,0,1,12
413382,MB  Phase 1,Shriram Solitaire,Under Construction,3,1,5
413590,MB  Phase 1,Godrej Emerald Waters,Under Construction,4,1,10
413980,MB  Phase 1,Sri Balaji Serene,Under Construction,2,1,47
413990,MB  Phase 1,Rohan Ekam,Under Construction,5,1,4
414339,MB  Phase 1,Experion Elements,Under Construction,1,1,15
414367,MB  Phase 1,Adarsh Welkin Park,Under Construction,0,1,10
414403,MB  Phase 1,Kshipra Aarohi Avinya,Under Construction,0,1,9
414839,MB  Phase 1,Patteeswarar Paradise Maghizham,Under Construction,0,1,8
415113,MB  Phase 1,Shapoorji Pallonji Golfland,Under Construction,3,1,16
415216,MB  Phase 1,Sampada Central Residency,Under Construction,0,1,32
415396,MB  Phase 1,Raheja Exotica Cyprus,Under Construction,0,1,9
415650,MB  Phase 1,Eldeco La Vida Bella,Under Construction,0,1,10
415717,MB  Phase 1,Bhoo Aabharana,Under Construction,0,1,20
415825,MB  Phase 1,Purti The Varanda,Under Construction,0,1,8
415896,MB  Phase 1,Emerald Gardenia,Under Construction,1,1,21
415958,MB  Phase 1,JRC Sanzio,Under Construction,1,1,17
416159,MB  Phase 1,Lodha Mirabelle,Under Construction,2,1,14
416283,MB  Phase 1,Bharat altavista,Under Construction,0,1,12
416461,MB  Phase 1,Shubh Tristar,Under Construction,5,1,17
416670,MB  Phase 1,Casagrand Flamingo,Under Construction,8,1,30
416684,MB  Phase 1,Anugraha SR Serenity,Under Construction,0,1,8
417011,MB  Phase 1,Neelkanth Palm President,Under Construction,0,1,6
417023,MB  Phase 1,Rohan Harita,Under Construction,4,1,4
417100,MB  Phase 1,Lodha Riservo,Under Construction,1,1,6
417556,MB  Phase 1,Ashima The Sovereign,Under Construction,0,1,22
417559,MB  Phase 1,EMBRACE,Under Construction,1,1,6
417864,MB  Phase 1,Vihang Luxuria,Under Construction,0,1,10
417888,MB  Phase 1,Posh Ville By Saamarth,Under Construction,1,1,18
418319,MB  Phase 1,Brigade Sanctuary,Under Construction,10,1,21
418615,MB  Phase 1,Ashwin Sheth Edmont Aurelia,Under Construction,3,1,6
418623,MB  Phase 1,Kanakia Beverly Heights,Under Construction,0,1,13
418697,MB  Phase 1,Provident Deansgate,Under Construction,5,1,19
418840,MB  Phase 1,SKYi 5 Race Course,Under Construction,1,1,7
418866,MB  Phase 1,Crest Oaks,Under Construction,0,1,6
418966,MB  Phase 1,NSL East Luxoria,Under Construction,0,1,16
419028,MB  Phase 1,GoldenKey Meraki,Under Construction,0,2,23
419031,MB  Phase 1,Kavisha The Portrait,Under Construction,0,2,9
419421,MB  Phase 1,Purva Soukhyam,Under Construction,2,2,6
419500,MB  Phase 1,Goyal Orchid Salisbury,Under Construction,4,2,13
419821,MB  Phase 1,Balatripura Aadhya Arambh Residential,Under Construction,0,2,15
419935,MB  Phase 1,ID Vista Residences,Under Construction,2,2,25
419984,MB  Phase 1,Supreme Towers,Under Construction,1,2,8
420047,MB  Phase 1,Devaloke Sonar City,Under Construction,2,2,21
420281,MB  Phase 1,Bella Casa,Under Construction,1,2,8
420301,MB  Phase 1,TARC Kailasa,Under Construction,2,2,0
420326,MB  Phase 1,Rajapushpa Casa Luxura,Under Construction,1,2,7
420338,MB  Phase 1,Doon Capital Royal Casa,Under Construction,1,2,25
420343,MB  Phase 1,Concorde Antares,Under Construction,10,2,9
420469,MB  Phase 1,Sri Nandana Galaxy,Under Construction,0,2,12
420665,MB  Phase 1,Grand Lapalazzo,Under Construction,0,2,27
420851,MB  Phase 1,Suraj Lumina,Under Construction,0,2,5
421123,MB  Phase 1,Garudadri Gardens,Under Construction,0,2,17
421126,MB  Phase 1,Ruby Arcadia,Under Construction,1,2,4
421330,MB  Phase 1,Constera Anamika High Point,Under Construction,1,2,26
421404,MB  Phase 1,SG Vista,Under Construction,1,2,14
421530,MB  Phase 1,DS Max Sista Grand,Under Construction,0,2,6
421768,MB  Phase 1,Goyal Orchid Life,Under Construction,5,2,34
421806,MB  Phase 1,Mantra Magnus,Under Construction,3,2,16
421898,MB  Phase 1,Falcon by BHP Housing,Under Construction,0,2,11
422115,MB  Phase 1,Vaibhavis Vihaan Shikhara,Under Construction,0,2,15
422149,MB  Phase 1,SNN Estates Felicity,Under Construction,5,2,11
422150,MB  Phase 1,Godrej Woodscapes,Under Construction,9,2,12
422453,MB  Phase 1,Assetz 66 and Shibui,Under Construction,1,2,9
422558,MB  Phase 1,Godrej Reserve,Under Construction,0,2,7
422868,MB  Phase 1,DS MAX Sky Samurai,Under Construction,0,2,9
422910,MB  Phase 1,Casagrand Medora,Under Construction,2,2,26
422935,MB  Phase 1,SSVR Niyaara,Under Construction,1,2,6
422985,MB  Phase 1,Serenity Shivam,Under Construction,0,2,2
422989,MB  Phase 1,Assetz Inspira Melodies of Life,Under Construction,0,2,12
423085,MB  Phase 1,Raheja Solaris III,Under Construction,0,2,22
423182,MB  Phase 1,Pristine O2 World Part 1,Under Construction,1,2,15
423193,MB  Phase 1,Crystal Antara,Under Construction,0,2,7
423236,MB  Phase 1,Prestige Somerville,Under Construction,3,2,22
423306,MB  Phase 1,Kochar Gagan,Under Construction,1,2,5
423376,MB  Phase 1,Casagrand Mercury,Under Construction,1,2,19
423585,MB  Phase 1,Casagrand Suncity,Under Construction,1,2,15
423851,MB  Phase 1,EAST PARK RESIDENCES,Under Construction,0,2,10
423882,MB  Phase 1,Malabar Retreat,Under Construction,0,2,47
424010,MB  Phase 1,Elite X,Under Construction,0,2,4
424098,MB  Phase 1,ENGRACE VISTA,Under Construction,1,2,16
424173,MB  Phase 1,Assetz Sora And Saki Phase 1,Under Construction,0,2,26
424323,MB  Phase 1,Codename Triumph Tower 1,Under Construction,0,2,14
424417,MB  Phase 1,Vajram Newtown II,Under Construction,0,2,9
424433,MB  Phase 1,Provident Botanico,Under Construction,4,2,23
424563,MB  Phase 1,The Right Life,Under Construction,0,2,14
424721,MB  Phase 1,Navyam,Under Construction,0,2,2
425033,MB  Phase 1,Ace Terra,Under Construction,1,2,15
425268,MB  Phase 1,Godrej Jardinia,Under Construction,1,2,4
425392,MB  Phase 1,Amora,Under Construction,0,2,5
425506,MB  Phase 1,Casagrand Amor,Under Construction,1,2,19
425507,MB  Phase 1,DS MAX Sky Blossom,Under Construction,0,2,14
425871,MB  Phase 1,The Baya Sunrise,Under Construction,0,2,7
425958,MB  Phase 1,Krisala 41 Luxovert,Under Construction,4,2,12
425959,MB  Phase 1,Astrana,Under Construction,0,2,19
426003,MB  Phase 1,Kesineni Northscape,Under Construction,0,2,9
426079,MB  Phase 1,N/A,Under Construction,0,2,0
426127,MB  Phase 1,SOBHA Elysia,Under Construction,1,2,12
426150,MB  Phase 1,Vaswani Starlight,Under Construction,5,2,8
426159,MB  Phase 1,Nimbus The Palm Village,Under Construction,1,2,17
426335,MB  Phase 1,Sai Platinum,Under Construction,0,2,9
426518,MB  Phase 1,DSR The Courtyard,Under Construction,2,2,27
426539,MB  Phase 1,THE REGAL,Under Construction,0,2,4
426628,MB  Phase 1,Assetz Promise of Spring,Under Construction,0,2,1
426710,MB  Phase 1,Isha Hilife,Under Construction,1,2,44
426777,MB  Phase 1,Trifecta Vanto Phase 1,Under Construction,1,2,13
426778,MB  Phase 1,Tricity Aura,Under Construction,0,2,5
426786,MB  Phase 1,Casagrand Casablanca,Under Construction,2,2,16
426815,MB  Phase 1,Pavitra Luxury Residencies,Under Construction,0,2,12
426888,MB  Phase 1,Sai Silicon Heights,Under Construction,0,2,24
426925,MB  Phase 1,RRL Palacio,Under Construction,0,2,16
426926,MB  Phase 1,Casagrand Vivacity,Under Construction,2,2,14
426929,MB  Phase 1,Green Edge Signature,Under Construction,1,2,8
427026,MB  Phase 1,Axis Oaklyn,Under Construction,0,2,7
427038,MB  Phase 1,Casagrand Hola Chennai,Under Construction,4,2,21
427043,MB  Phase 1,Casagrand French Town,Under Construction,1,2,20
427272,MB  Phase 1,Sanjeevini Aarna,Under Construction,1,2,18
427295,MB  Phase 1,MP Kumudham Enclave,Under Construction,0,2,5
427386,MB  Phase 1,Saamarth Twinland,Under Construction,0,2,17
427388,MB  Phase 1,Jashn Elevate,Under Construction,0,5,36
427454,MB  Phase 1,SJRS Infracity,Under Construction,0,5,12
427484,MB  Phase 1,Parth Kiona,Under Construction,1,5,11
427769,MB  Phase 1,Sattva Green Groves,Under Construction,0,5,3
427851,MB  Phase 1,Vaishno Serene,Under Construction,0,5,9
427907,MB  Phase 1,Brigade Insignia,Under Construction,7,5,20
427979,MB  Phase 1,Concorde Mayfair,Under Construction,0,5,6
428040,MB  Phase 1,Myhna Orchid,Under Construction,0,5,5
428221,MB  Phase 1,Kabra Embraze,Under Construction,1,5,14
428235,MB  Phase 1,Kohinoor Central Park,Under Construction,0,5,6
428365,MB  Phase 1,Gami Satyam Palacio,Under Construction,0,5,4
428567,MB  Phase 1,Polaris Callisto,Under Construction,0,5,13
428573,MB  Phase 1,Ekarth Sarvam,Under Construction,0,5,13
428601,MB  Phase 1,Kochar Jewel,Under Construction,1,5,7
428685,MB  Phase 1,MP Golden Heights,Under Construction,0,5,4
428703,MB  Phase 1,Ruby Courtyard,Under Construction,0,5,25
428716,MB  Phase 1,Shriram 122 West,Under Construction,3,5,14
428719,MB  Phase 1,Century Regalia,Under Construction,0,5,8
428931,MB  Phase 1,SARANYA SWAROVSKI,Under Construction,0,5,6
429180,MB  Phase 1,Bhagwati Celestria,Under Construction,0,5,3
429182,MB  Phase 1,The Olympia,Under Construction,0,5,10
429184,MB  Phase 1,Nava Vajra,Under Construction,0,5,9
429275,MB  Phase 1,Casagrand Estilo,Under Construction,1,5,12
429358,MB  Phase 1,SPR Binny Sky,Under Construction,0,5,4
429365,MB  Phase 1,Vindhya Primrose,Under Construction,0,5,7
429459,MB  Phase 1,Kolte Patil Springshire,Under Construction,2,5,6
429477,MB  Phase 1,Vishnu Priya,Under Construction,0,5,15
429486,MB  Phase 1,ORIGIN CLAREMONT,Under Construction,0,5,6
429659,MB  Phase 1,Purvanchal Royal Atlantis,Under Construction,0,5,3
429967,MB  Phase 1,Dosti West County Phase 7 Dosti Willow,Under Construction,0,5,8
429968,MB  Phase 1,TVS Emerald Isle of Trees,Under Construction,1,5,18
430075,MB  Phase 1,Prestige Raintree Park,Under Construction,0,5,21
430082,MB  Phase 1,Sowparnika Euphoria In The East,Under Construction,1,5,12
430204,MB  Phase 1,Casagrand Avenue Park,Under Construction,1,5,8
430209,MB  Phase 1,Casagrand Laurels,Under Construction,1,5,20
430213,MB  Phase 1,Sattva Springs,Under Construction,4,5,7
430219,MB  Phase 1,Eros Sampoornam 3,Under Construction,0,5,9
430231,MB  Phase 1,Godrej Nurture,Under Construction,1,5,14
430241,MB  Phase 1,Sumadhura Epitome,Under Construction,2,5,22
430246,MB  Phase 1,Avianna Invicta,Under Construction,0,5,5
430372,MB  Phase 1,Godrej River Crest,Under Construction,0,5,18
430588,MB  Phase 1,CRC Maesta,Under Construction,1,5,16
430664,MB  Phase 1,Pranami Bliss,Under Construction,0,5,6
430890,MB  Phase 1,Malhar Magnus Evoq,Under Construction,0,5,9
430897,MB  Phase 1,Satra Nexus,Under Construction,0,5,7
430928,MB  Phase 1,Zodiac Anjaneshwar,Under Construction,0,5,2
430976,MB  Phase 1,Rewild Doddaballapura,Under Construction,0,5,5
430987,MB  Phase 1,Canvas Phase I,Under Construction,1,5,5
430996,MB  Phase 1,Pride Euphora,Under Construction,0,5,12
431064,MB  Phase 1,Prestige Forest Hills,Under Construction,0,5,7
431532,MB  Phase 1,Kalpataru Advay,Under Construction,3,5,16
431965,MB  Phase 1,Gaur NYC Residences,Under Construction,0,5,5
432133,MB  Phase 1,Emerald Kingsvilla,Under Construction,0,5,14
432470,MB  Phase 1,Mahagun My Laagoon,Under Construction,0,5,7
432489,MB  Phase 1,Sri Sai Nandana Royal,Under Construction,1,5,3
432506,MB  Phase 1,Nambiar District 25,Under Construction,0,5,4
432510,MB  Phase 1,Birla Ojasvi,Under Construction,0,5,7
432522,MB  Phase 1,Sattva Songbird,Under Construction,4,5,13
432543,MB  Phase 1,Sattva Lumina,Under Construction,1,5,8
432547,MB  Phase 1,DSR The Address,Under Construction,0,5,34
432566,MB  Phase 1,DS Max Sky Sanman,Under Construction,0,5,9
433250,MB  Phase 1,Rohan Saroha,Under Construction,3,5,8
433575,MB  Phase 1,Amarprakash The Royal Castle,Under Construction,0,1,50
433611,MB  Phase 1,Renox Thrive,Under Construction,0,1,4
433630,MB  Phase 1,Arihant Avanti,Under Construction,0,1,3
433641,MB  Phase 1,Wave Eden,Under Construction,0,1,13
433734,MB  Phase 1,Sai Purvi Arvindam,Under Construction,0,1,11
433742,MB  Phase 1,Godrej Lakeside Orchard,Under Construction,5,1,4
433805,MB  Phase 1,DS MAX SKY SISIRA,Under Construction,0,1,7
433855,MB  Phase 1,ACE HANEI,Under Construction,0,1,12
433863,MB  Phase 1,Kamdhenu Crown,Under Construction,0,1,6
434518,MB  Phase 1,Artemis Address,Under Construction,0,1,8
434519,MB  Phase 1,The Legacey By Ananda Homes,Under Construction,0,1,24
434528,MB  Phase 1,Rohaan Ashoka,Under Construction,1,1,2
434535,MB  Phase 1,Concorde Neo,Under Construction,0,1,10
434549,MB  Phase 1,Lorven Cascade Garden,Under Construction,2,1,12
434568,MB  Phase 1,Brigade Citrine,Under Construction,0,1,18
434570,MB  Phase 1,Sattva Bhumi,Under Construction,0,1,4
434593,MB  Phase 1,Anandi View,Under Construction,0,1,4
434608,MB  Phase 1,Eldeco Fairway Reserve,Under Construction,2,1,17
434959,MB  Phase 1,Millennium Samriddhi,Under Construction,0,1,6
435520,MB  Phase 1,Satyam Stella,Under Construction,0,1,8
435636,MB  Phase 1,Shivakar Adarsh Lumina,Under Construction,2,1,10
435892,MB  Phase 1,Vertex Florenza,Under Construction,0,1,30
435926,MB  Phase 1,GODREJ BLUE,Under Construction,0,1,1
436183,MB  Phase 1,Godrej Evergreen Square,Under Construction,0,1,12
436841,MB  Phase 1,Navanaami Courtyard Of Life,Under Construction,0,1,30
437068,MB  Phase 1,Dream Meadows,Under Construction,0,1,2
437293,MB  Phase 1,Urbanest,Under Construction,0,1,6
437900,MB  Phase 1,EV 23 MALIBU WEST,Under Construction,0,1,7
437982,MB  Phase 1,Nova 10 Elegance Phase I,Under Construction,0,1,23
